Date,Close,High,Low,Open,Volume,MA_5,MA_10,MA_20,Vol_MA_5,Vol_MA_20
2025-01-02,41.04995727539063,41.04995727539063,40.251500592763534,40.298471373140224,65305876,,,,,
2025-01-03,40.4863395690918,41.47266860869895,40.4863395690918,41.284796240042,42345224,,,,,
2025-01-06,40.76815032958984,41.096924290567415,40.721179549420974,40.956019116795645,30917178,,,,,
2025-01-07,39.78181838989258,41.14388849838885,39.78181838989258,41.00298691822057,58823388,,,,,
2025-01-08,40.110595703125,40.298468059079234,39.78181818436331,39.828788960877226,37912494,40.43937225341797,,,47060832.0,
2025-01-09,39.07730102539063,40.3454367888556,39.07730102539063,40.1105972308103,46690991,40.04484100341797,,,43337855.0,
2025-01-10,38.79549407958984,39.07730083117012,38.32581496583363,38.74852688488768,40822034,39.70667190551758,,,43033217.0,
2025-01-13,38.41975402832031,39.1712399149715,38.32581605288431,38.51368842038895,48487516,39.23699264526367,,,46547284.6,
2025-01-14,39.68788528442383,39.68788528442383,38.56065468984958,38.701559857934086,37074886,39.21820602416992,,,42197584.2,
2025-01-15,38.9364013671875,39.92272684310845,38.9364013671875,39.50001490103734,35977056,38.983367156982425,39.7113697052002,,41810496.6,
2025-01-16,39.03033447265625,39.68788596267583,39.03033447265625,39.35911200934971,37293479,38.97397384643555,39.509407424926756,,39930994.2,
2025-01-17,38.70156097412109,39.21820729971937,38.70156097412109,38.88943334252976,44131855,38.955187225341795,39.330929565429685,,40592958.4,
2025-01-20,40.15756607055664,40.15756607055664,38.98336823223627,39.0303354290956,47283878,39.30274963378906,39.269871139526366,,40352230.8,
2025-01-21,40.345436096191406,40.67421003846341,39.82878979403517,40.15756373630717,42221204,39.43425979614258,39.32623291015625,,41381494.4,
2025-01-22,37.762203216552734,38.090977178105206,37.2925240809821,37.2925240809821,147906733,39.19942016601563,39.091393661499026,,63767429.8,
2025-02-03,38.04401016235352,39.12427361265621,37.57433102454668,37.762203396342905,112180567,39.00215530395508,38.98806457519531,,78744847.4,
2025-02-04,37.66826248168945,38.46671910372424,37.66826248168945,38.46671910372424,58040732,38.79549560546875,38.87534141540527,,81526622.8,
2025-02-05,37.66826248168945,38.18491235968668,37.66826248168945,37.95007280909418,33884048,38.29763488769531,38.800192260742186,,78846656.8,
2025-02-06,37.66826248168945,37.90310203228195,37.52736090135426,37.85613483883688,32609083,37.76220016479492,38.59822998046875,,76924232.6,
2025-02-07,37.71523284912109,37.85613442792688,37.66826207281871,37.66826207281871,23131801,37.75280609130859,38.47611312866211,39.09374141693115,51969246.2,51152001.15
2025-02-10,37.762203216552734,37.85613761031989,37.48039645188384,37.71523601966916,30946715,37.69644470214844,38.34930000305176,38.92935371398926,35722475.8,49434043.1
2025-02-11,37.9500732421875,38.04400763014963,37.71523368891497,37.85613527085816,29858425,37.75280685424805,38.2741512298584,38.802540397644044,30086014.4,48809703.15
2025-02-12,37.66826248168945,38.04400719598432,37.62129528824439,37.95007280909418,27984906,37.75280685424805,38.02522087097168,38.647546005249026,28906186.0,48663089.55
2025-02-13,38.88943099975586,39.218204937139504,37.76220044057782,37.809167634008745,63852185,37.997040557861325,37.87962036132812,38.602926635742186,35154806.4,48914529.4
2025-02-14,38.88943099975586,39.218204937139504,38.560653479005055,38.98336538661771,28541805,38.23188018798828,37.99234313964844,38.54186840057373,36236807.2,48445994.95
2025-02-17,39.45304489135742,39.64091725037066,38.93639859159642,38.98336578550793,32974664,38.57004852294922,38.13324661254883,38.56065559387207,36642397.0,47760178.6
2025-02-18,39.40607833862305,39.7348522847203,39.17123878187722,39.50001272797447,35961690,38.86124954223633,38.307028198242186,38.59118480682373,37863050.0,47517161.4
2025-02-19,39.96969223022461,40.345436958019455,39.59395108579706,39.6409182809296,54652494,39.32153549194336,38.5371711730957,38.66868171691895,43196567.6,47825410.3
2025-02-20,40.39240264892578,40.674209392593696,40.25149748540824,40.39240264892578,40006471,39.62212982177734,38.80958518981934,38.703907585144044,38427424.8,47971989.55
2025-02-21,40.956016540527344,40.956016540527344,40.58027540638368,40.721176987924856,34296687,40.03544692993164,39.13366355895996,38.80488834381104,39578401.2,47887971.1
2025-02-24,40.90904998779297,41.00298796032645,40.204531318944525,40.43937087522734,30194703,40.32664794921875,39.44834823608399,38.89882411956787,39022409.0,47533032.3
2025-02-25,40.67420959472656,40.8620819525612,40.29846846242447,40.43937004327506,35619504,40.580274200439455,39.72076187133789,38.997456550598145,38953971.8,47107414.75
2025-02-26,40.956016540527344,41.14388889928278,40.43937024147531,40.48633743532236,35139939,40.7775390625,40.04953727722168,39.03737907409668,35051460.8,46500217.8
2025-02-27,41.04995727539063,41.4726692152088,40.76815050996765,41.33176404081359,69299467,40.90904998779297,40.26558990478516,39.07260513305664,40910060.0,47854130.95
2025-03-03,40.956016540527344,40.956016540527344,40.25149788271988,40.48633743532236,53120564,40.90904998779297,40.4722484588623,39.23229579925537,44674835.4,43114822.5
2025-03-04,40.956016540527344,41.19085609312984,40.29846865993413,40.34543585378119,44284021,40.918443298339845,40.622545623779295,39.37789611816406,47492699.0,39719995.2
2025-03-05,41.331764221191406,41.80144336006858,41.04995745453859,41.42569861561986,46383229,41.04995422363281,40.815114212036136,39.56107120513916,49645444.0,39137120.05
2025-03-06,41.331764221191406,41.75447616285435,41.23782982676295,41.61357098784422,30376684,41.12510375976562,40.95132141113281,39.744246292114255,48692793.0,38961751.85
2025-03-07,41.4726676940918,41.895376035038616,41.1438901603509,41.33176252486466,31779134,41.20964584350586,41.05934791564941,39.93446655273438,41188726.4,38920254.4
2025-03-10,42.31808853149414,42.55292809446954,41.707507817778506,41.848409405543336,58815717,41.482060241699216,41.19555511474609,40.164609336853026,42327757.0,40704450.2
2025-03-11,42.13021469116211,42.27111985736689,41.519633998798255,41.61356838735662,68052418,41.71689987182617,41.317671585083005,40.383009910583496,47081436.4,42559735.35
2025-03-12,42.08324813842773,42.224153306780565,41.42569665839332,41.98931374843737,43316994,41.86719665527344,41.45857543945313,40.589668655395506,46468189.4,43232663.8
2025-03-13,41.04995727539063,41.98931554904548,40.95601929800468,41.98931554904548,57573005,41.81083526611328,41.467969512939455,40.75875339508057,51907453.6,44712068.75
2025-03-14,42.17718505859375,42.3180866400609,40.8620821313639,40.909049325186274,68441495,41.95173873901367,41.580692291259766,40.92314109802246,59239925.8,44941534.25
2025-03-17,41.42569732666016,42.41202635430658,41.42569732666016,42.27112118368071,44201092,41.773260498046874,41.62766036987305,41.049954414367676,56317000.8,45724498.6
2025-03-18,41.80144119262695,42.27112030715085,41.47266724580713,41.51963444058607,42180476,41.707505798339845,41.712202835083005,41.167374229431154,51142612.4,46184789.2
2025-03-19,41.61356735229492,42.17718441972787,41.61356735229492,41.8014397081059,37314811,41.61356964111328,41.74038314819336,41.27774868011475,49942175.8,46252445.25
2025-03-20,42.41202545166016,42.41202545166016,41.989313532146376,41.989313532146376,43291329,41.885983276367185,41.848409271240236,41.399865341186526,47085840.6,45684387.0
2025-03-21,42.271121978759766,42.271121978759766,41.80144284566244,42.271121978759766,39145180,41.90477066040039,41.92825469970703,41.493801307678225,41226577.6,45641322.45
2025-03-24,42.13021469116211,42.55292660640922,41.89537513639896,42.27111985736689,36059208,42.04567413330078,41.90946731567383,41.55251121520996,39598200.8,45729448.5
2025-03-25,42.13021469116211,42.458992217850856,41.75447355356141,42.27111985736689,36461286,42.111428833007814,41.90946731567383,41.61356945037842,38454362.8,46042777.65
2025-03-26,41.84840774536133,42.083247299020336,41.61356819170232,42.036280104961975,28156495,42.1583969116211,41.885983276367185,41.672279357910156,36622699.6,45669627.2
2025-03-27,42.08324813842773,42.08324813842773,41.33176226840296,41.42569665839332,43278476,42.09264144897461,41.9893123626709,41.728640937805174,36620129.0,46076554.05
2025-03-28,41.84840774536133,41.89537493941968,41.42569583210168,41.89537493941968,37954776,42.00809860229492,41.956434631347655,41.768563461303714,36382048.2,44509319.5
2025-03-31,41.94234848022461,41.94234848022461,40.67421265689429,40.90905222602574,61875919,41.97052536010742,42.008099746704104,41.81788005828857,41545390.4,44947087.25
2025-04-01,43.16351318359375,45.08919691865447,42.50596167852322,44.337711020017046,143290199,42.17718505859375,42.14430694580078,41.92825489044189,62911173.0,49897396.15
2025-04-02,42.505958557128906,43.02260485054212,42.412024170460015,43.02260485054212,50515462,42.308695220947264,42.23354606628418,41.98696460723877,67382966.4,50104007.8
2025-04-07,38.278846740722656,38.278846740722656,38.278846740722656,38.278846740722656,13988062,41.54781494140625,41.82022819519043,41.83431873321533,61524883.6,49284576.7
2025-04-08,39.17123794555664,39.45304469096151,37.104649173642365,37.15161636731531,120858432,41.01238098144531,41.51023979187012,41.71924724578857,78105614.8,53738541.6
2025-04-09,37.48039627075195,38.9833680639676,37.29252390075815,38.09097699402257,84824195,40.119990539550784,41.0452579498291,41.477362632751465,82695270.0,55038965.5
2025-04-10,41.19085693359375,41.19085693359375,40.8620829865888,41.19085693359375,49531081,39.725459289550784,40.95132217407227,41.43039474487305,63943446.4,54112898.65
2025-04-11,41.42569732666016,41.61356969303888,39.54698082960768,40.11059792874383,69373050,39.50940704345703,40.90905113220215,41.39751720428467,67714964.0,55415701.45
2025-04-14,41.61356735229492,42.599892741093655,41.61356735229492,42.08324645013881,56357316,40.176351165771486,40.86208305358887,41.42569770812988,76188814.8,55354917.0
2025-04-15,41.98931503295898,42.22415459848631,41.70750827099968,41.80144266386365,31216544,40.739966583251956,40.87617378234863,41.416304206848146,58260437.2,53493669.45
2025-04-16,42.224151611328125,42.27111880443741,41.5196329645875,41.5196329645875,35850779,41.688717651367185,40.904354095458984,41.456226921081544,48465754.0,53076153.8
2025-04-17,41.42569732666016,42.130216013054834,41.378730130907314,42.130216013054834,20580050,41.73568572998047,40.73057250976562,41.4374397277832,42675547.8,51996132.5
2025-04-18,41.61356735229492,41.754472514994944,41.42569499648394,41.754472514994944,16088207,41.77325973510742,40.641333389282224,41.4374397277832,32018579.2,50934802.3
2025-04-21,41.00298690795898,41.66053478198069,41.00298690795898,41.66053478198069,14669270,41.651143646240236,40.91374740600586,41.366987800598146,23680970.0,49503699.35
2025-04-22,41.61356735229492,41.84840690121686,40.90904870552909,40.95601589864005,27738319,41.57599411010742,41.157980346679686,41.3341100692749,22985325.0,48933356.3
2025-04-23,42.36505508422852,42.552927448430026,41.89537596540839,42.22415349860286,33676880,41.6041748046875,41.646446228027344,41.345852088928225,22550545.2,48814239.9
2025-04-24,40.76815032958984,42.22415493063932,40.76815032958984,42.0362825600661,42017291,41.47266540527344,41.60417556762695,41.27774887084961,26837993.4,49092040.15
2025-04-25,41.94234848022461,41.98931567737741,41.28479696998305,41.42569856144146,54399065,41.538421630859375,41.655840682983396,41.28244590759277,34500165.0,50404168.65
2025-04-28,42.17718505859375,42.17718505859375,41.51963359497882,41.84840753510269,22973317,41.77326126098633,41.71220245361328,41.287142753601074,36160974.4,49388910.7
2025-04-29,42.224151611328125,42.36505319065596,41.9423448693053,41.98931206241458,27807473,41.89537811279297,41.73568611145019,41.30592994689941,36174805.2,48881545.55
2025-04-30,42.45899200439453,42.55292639248066,42.03628009127254,42.03628009127254,30303702,41.91416549682617,41.75917015075684,41.33176212310791,35500169.6,47302934.7
2025-05-02,42.88170623779297,43.06957502413057,42.41202710521415,42.45899430179856,31142562,42.336876678466794,41.90477104187012,41.31767177581787,33325223.8,41695552.85
2025-05-05,42.31808853149414,43.02260722042035,41.89537660146495,42.97564002449874,35331097,42.412024688720706,41.97522315979004,41.308278274536136,29511630.2,40936334.6
2025-05-06,42.64686584472656,43.02260699348484,41.89537638047534,42.27112111260095,43359102,42.505960845947264,42.139611053466794,41.52667922973633,33588787.2,42404886.6
2025-05-07,42.97563934326172,43.11654451216032,42.64686539365473,42.83473417436312,31781212,42.65625839233398,42.275818252563475,41.71689929962158,34383535.0,37951025.6
2025-05-08,42.55292892456055,42.97564086283569,42.55292892456055,42.6468669016036,20575779,42.675045776367185,42.29460563659668,41.970525932312015,32437950.4,34738604.8
2025-05-09,42.78776550292969,42.9286706669668,42.41202437110936,42.45899156466599,16829589,42.65625762939453,42.49656715393066,42.05037136077881,29575355.8,33103530.2
2025-05-12,43.6331901550293,43.6331901550293,42.83473351582483,42.97563868255716,33950716,42.91927795410156,42.66565132141113,42.160746002197264,29299279.6,31332413.5
2025-05-13,43.72712326049805,44.008930002324114,43.53925090482496,43.82106123001816,31348875,43.13532943725586,42.82064514160156,42.26642379760742,26897234.2,30081991.45
2025-05-14,44.14983749389648,44.196804689450566,43.96196512831282,44.05590310278832,27429275,43.37016906738281,43.0132137298584,42.3744499206543,26026846.8,29892628.0
2025-05-15,44.61951446533203,44.61951446533203,44.00893020245957,44.102868172406886,41621426,43.78348617553711,43.229265975952146,42.494218063354495,30235976.2,30181160.35
2025-05-16,44.90132141113281,44.90132141113281,44.43164230937752,44.71344905375726,28845625,44.206197357177736,43.43122749328613,42.667999267578125,32639183.4,30594439.1
2025-05-19,44.85435485839844,45.042227218457846,44.61951530416599,44.71344969251208,36863531,44.45043029785156,43.684854125976564,42.8300386428833,33221746.4,31633205.3
2025-05-20,44.94829177856445,45.08919695238763,44.38467825000657,45.042229755569046,28130117,44.694664001464844,43.91499671936035,43.02730388641358,32577994.8,32306247.65
2025-05-21,46.54520034790039,46.68610551807247,44.99526139284416,45.08919578404733,93231386,45.173736572265625,44.27195281982422,43.273885536193845,45738417.0,35580901.0
2025-05-22,46.45126724243164,46.780041204110255,45.934620909779206,46.45126724243164,70843171,45.540087127685545,44.66178665161133,43.478196144104004,51582766.0,37439215.55
2025-05-23,45.13616180419922,46.451264746999215,45.13616180419922,45.18312899857767,71578900,45.58705520629883,44.89662628173828,43.696596717834474,60129421.0,38917296.0
2025-05-26,44.243770599365234,45.84068028537224,44.243770599365234,44.9013220681172,78899680,45.46493835449219,44.95768432617187,43.8116678237915,68536650.8,40142326.75
2025-05-27,43.210479736328125,44.71345151120129,43.210479736328125,44.2437723836325,99624798,45.11737594604492,44.90601997375488,43.86333255767822,82835587.0,43974900.8
2025-05-28,44.19680404663086,44.57254877233317,43.35138378885157,43.58622334657369,98074934,44.64769668579102,44.91071662902832,43.96196517944336,83804296.6,47488273.85
2025-05-29,43.91499710083008,45.1831292736034,43.91499710083008,44.5255813815682,149032843,44.1404426574707,44.840264892578126,44.03476543426514,99442231.0,53424730.9
2025-06-02,44.10287094116211,44.10287094116211,43.11654548668088,43.96196576907877,77681104,43.93378448486328,44.760419845581055,44.09582366943359,100662671.8,55751658.0
2025-06-03,44.38467788696289,44.431645083397314,43.77409358321327,43.86803155944951,77951822,43.96196594238281,44.7134521484375,44.199153137207034,100473100.2,57882694.25
2025-06-04,43.16351318359375,44.38467821680049,43.02260800987599,44.243773043082726,85197919,43.952572631835935,44.53497428894043,44.22498550415039,97587724.4,59974635.1
2025-06-05,42.55292892456055,43.25744762722999,42.36505655384188,42.88170646916007,74581058,43.62379760742188,44.13574714660645,44.203849983215335,92888949.2,62114627.4
2025-06-06,42.271121978759766,42.97564067840576,42.271121978759766,42.55292874194468,55682096,43.295022583007814,43.71773262023926,44.18975963592529,74218799.8,63869943.25
2025-06-09,42.88170623779297,42.97564063096177,42.130216758972935,42.27112193209354,39208994,43.05078964233398,43.49228706359863,44.19445667266846,66524377.8,64988913.5
2025-06-10,43.58622360229492,43.68015799258798,43.0226065104347,43.06957370558123,47063212,42.89109878540039,43.4265323638916,44.19210834503174,60346655.8,65644538.3
2025-06-11,44.38467788696289,44.38467788696289,43.727126386778856,43.727126386778856,56558714,43.13533172607422,43.54395217895508,44.22498607635498,54618814.8,66905030.25
2025-06-12,44.43164443969727,44.525582414572575,44.05590329029805,44.38467724394328,32543331,43.51107482910156,43.56743621826172,44.23907642364502,46211269.4,67160733.05
2025-06-13,44.572547912597656,44.85435465975514,43.96196364095045,43.96196364095045,44771416,43.97136001586914,43.63319129943848,44.2367280960083,44029133.4,67318232.55
2025-06-16,45.08919525146485,45.08919525146485,44.47861096575434,44.47861096575434,41131108,44.41285781860351,43.73182373046875,44.2461217880249,44413556.2,67932506.7
2025-06-17,44.61951446533203,45.84067940770979,44.61951446533203,45.32403311478465,71150250,44.61951599121094,43.75530738830567,44.23437976837158,49230963.8,69646842.65
2025-06-18,45.371002197265625,45.371002197265625,44.71345071372348,44.80738868758225,41498670,44.81678085327148,43.976056289672854,44.25551528930664,46218955.0,70315270.3
2025-06-19,44.85435485839844,45.51190632692275,44.71344969251208,45.464939132749706,51252856,44.90132293701172,44.20619888305664,44.170973014831546,49960860.0,68216343.8
2025-06-20,44.76042175292969,45.04222850941204,43.96196509563447,44.43164421756084,65459193,44.938897705078126,44.455128860473636,44.08643074035645,54098415.4,67947144.9
2025-06-23,44.14983749389648,44.33770985948015,43.39835161492916,43.68015837162099,74736166,44.75102615356445,44.58194198608398,44.03711452484131,60819427.0,68105008.2
2025-06-24,45.34999847412109,45.34999847412109,42.5,42.5,132396029,44.89712295532227,44.7583194732666,44.0924259185791,73068582.8,70779825.65
2025-06-25,43.79999923706055,45.45000076293945,43.79999923706055,45.45000076293945,95756039,44.58292236328125,44.69985160827637,44.12190189361572,83920056.6,70586387.7
2025-06-26,43.25,44.34999847412109,43.150001525878906,43.79999923706055,81421425,44.26205139160156,44.58168716430664,44.07456169128418,89953770.4,69753712.25
2025-06-27,44.29999923706055,44.29999923706055,43.59999847412109,43.84999847412109,49281090,44.16996688842774,44.55443229675293,44.0938117980957,86718149.8,64766124.6
2025-06-30,44.20000076293945,44.400001525878906,43.95000076293945,44.09999847412109,27543017,44.17999954223633,44.46551284790039,44.09866828918457,77279520.0,62259220.25
2025-07-01,43.95000076293945,44.59999847412109,43.54999923706055,44.25,48470565,43.9,44.39856147766113,44.0769344329834,60494427.2,60785157.4
2025-07-02,44.45000076293945,44.45000076293945,43.79999923706055,43.84999847412109,41467173,44.03000030517578,44.306461334228516,44.141258811950685,49636654.0,58598620.1
2025-07-03,44.400001525878906,44.95000076293945,44.25,44.54999923706055,37104217,44.26000061035156,44.261026000976564,44.2336124420166,40773212.4,56724778.05
2025-07-04,43.75,44.75,43.54999923706055,44.70000076293945,44258347,44.150000762939456,44.1599838256836,44.307556343078616,39768663.8,56153590.6
2025-07-07,43.45000076293945,44.04999923706055,43.09999847412109,44.04999923706055,39017710,44.00000076293945,44.09000015258789,44.33597106933594,42063602.4,56144026.4
2025-07-08,43.70000076293945,43.79999923706055,43.150001525878906,43.59999847412109,29366672,43.95000076293945,43.92500038146973,44.34165992736816,38242823.8,55259199.4
2025-07-09,43.900001525878906,43.95000076293945,43.45000076293945,43.5,23882092,43.84000091552734,43.935000610351565,44.31742610931396,34725807.6,53625368.3
2025-07-10,43.70000076293945,44.0,43.20000076293945,43.79999923706055,31645312,43.70000076293945,43.98000068664551,44.28084392547608,33634026.6,53580467.35
2025-07-11,43.25,43.70000076293945,43.20000076293945,43.70000076293945,20013050,43.60000076293945,43.87500076293945,44.21471652984619,28784967.2,52342549.05
2025-07-14,43.150001525878906,43.34999847412109,42.79999923706055,43.25,23205753,43.540000915527344,43.7700008392334,44.117756843566895,25622575.8,51446281.3
2025-07-15,43.54999923706055,43.54999923706055,42.900001525878906,43.0,21138204,43.51000061035156,43.73000068664551,44.06428108215332,23976882.2,48945679.0
2025-07-16,43.45000076293945,43.59999847412109,43.20000076293945,43.54999923706055,28319729,43.42000045776367,43.63000068664551,43.96823101043701,24864409.6,48286731.95
2025-07-17,43.54999923706055,43.59999847412109,43.150001525878906,43.5,24082595,43.39000015258789,43.54500045776367,43.90301322937012,23351866.2,46928218.9
2025-07-18,43.45000076293945,44.04999923706055,43.34999847412109,43.75,25754314,43.43000030517578,43.51500053405762,43.83749217987061,24500119.0,44942974.95
2025-07-21,43.5,43.70000076293945,43.34999847412109,43.59999847412109,16417888,43.5,43.52000045776367,43.80500030517578,23142546.0,42027061.05
2025-07-22,43.0,43.79999923706055,43.0,43.79999923706055,26349840,43.39000015258789,43.45000038146973,43.687500381469725,24184873.2,36724751.6
2025-07-23,43.900001525878906,43.900001525878906,43.29999923706055,43.400001525878906,24567877,43.48000030517578,43.45000038146973,43.69250049591064,23434502.8,33165343.5
2025-07-24,43.5,44.0,43.45000076293945,43.95000076293945,14994808,43.470000457763675,43.43000030517578,43.705000495910646,21616945.4,29844012.65
2025-07-25,43.5,43.75,43.29999923706055,43.400001525878906,17661776,43.48000030517578,43.45500030517578,43.66500053405762,19998437.8,28263046.95
2025-07-28,43.5,43.59999847412109,43.0,43.5,35776877,43.48000030517578,43.49000015258789,43.63000049591064,23870235.6,28674739.95
2025-07-29,42.79999923706055,43.34999847412109,42.79999923706055,43.29999923706055,35741812,43.44000015258789,43.41500015258789,43.5725004196167,25748630.0,28038302.3
2025-07-30,42.54999923706055,42.900001525878906,42.09999847412109,42.79999923706055,45900200,43.16999969482422,43.325,43.47750034332275,30015094.6,28259953.65
2025-07-31,41.54999923706055,42.25,41.54999923706055,42.25,42952609,42.779999542236325,43.125,43.33500022888184,35606654.8,28552373.25
2025-08-04,41.20000076293945,41.54999923706055,40.5,40.900001525878906,35962931,42.31999969482422,42.9,43.207500267028806,39266885.8,28137602.45
2025-08-05,41.400001525878906,41.650001525878906,41.29999923706055,41.34999847412109,27774547,41.9,42.69000015258789,43.10500030517578,37666419.8,27575444.3
2025-08-06,40.70000076293945,41.0,40.34999847412109,40.95000076293945,42323182,41.48000030517578,42.46000022888184,42.95500030517578,38982693.8,28223269.8
2025-08-07,40.400001525878906,40.79999923706055,40.400001525878906,40.5,52613355,41.050000762939455,42.11000022888184,42.78000030517578,40325324.8,29659832.95
2025-08-08,40.5,40.59999847412109,40.20000076293945,40.400001525878906,34741791,40.84000091552734,41.81000022888183,42.62000026702881,38683161.2,29814656.9
2025-08-11,40.400001525878906,40.650001525878906,40.29999923706055,40.400001525878906,24697504,40.68000106811523,41.500000381469725,42.47750034332275,36430075.8,30048879.6
2025-08-12,40.650001525878906,40.84999847412109,40.34999847412109,40.59999847412109,24073607,40.53000106811523,41.215000534057616,42.35250034332275,35689887.8,30092272.3
2025-08-13,40.75,41.0,40.400001525878906,40.79999923706055,29479379,40.540000915527344,41.01000061035156,42.212500381469724,33121127.2,30509331.05
2025-08-14,40.79999923706055,41.0,40.75,40.84999847412109,25526067,40.62000045776367,40.835000610351564,42.08000030517578,27703669.6,30369647.95
2025-08-15,41.20000076293945,41.59999847412109,41.0,41.09999847412109,33021625,40.76000061035156,40.800000762939455,41.962500381469724,27359636.4,30816599.45
2025-08-18,40.400001525878906,40.900001525878906,40.20000076293945,40.900001525878906,50417766,40.76000061035156,40.7200008392334,41.8100004196167,32503688.8,32049772.05
2025-08-19,41.04999923706055,41.04999923706055,40.09999847412109,40.29999923706055,32207923,40.84000015258789,40.685000610351565,41.687500381469725,34130552.0,32839273.8
2025-08-20,41.900001525878906,42.5,41.5,41.5,109360639,41.07000045776367,40.805000686645506,41.63250045776367,50106804.0,36989813.75
2025-08-21,41.400001525878906,42.04999923706055,41.400001525878906,42.0,46125182,41.19000091552734,40.90500068664551,41.50750045776367,54226627.0,38067679.0
2025-08-22,40.59999847412109,41.20000076293945,40.59999847412109,41.150001525878906,24604317,41.07000045776367,40.91500053405762,41.36250038146973,52543165.4,38548154.45
2025-08-25,40.54999923706055,40.900001525878906,40.54999923706055,40.84999847412109,21425973,41.1,40.93000030517578,41.21500034332276,46744806.8,38736364.3
2025-08-26,41.79999923706055,41.79999923706055,40.34999847412109,40.5,64111108,41.25,41.045000076293945,41.130000305175784,53125443.8,40153075.85
2025-08-27,40.95000076293945,41.29999923706055,40.900001525878906,41.20000076293945,30264987,41.05999984741211,41.06500015258789,41.03750038146973,37306313.4,39879234.6
2025-08-28,40.59999847412109,41.20000076293945,40.59999847412109,40.95000076293945,23816343,40.89999923706055,41.045000076293945,40.94000034332275,32844545.6,38775041.75
2025-08-29,40.5,40.900001525878906,40.45000076293945,40.84999847412109,23815284,40.87999954223633,40.975,40.88750038146973,32686739.0,37818175.5
2025-09-01,40.75,40.79999923706055,40.400001525878906,40.59999847412109,20806971,40.91999969482422,41.00999984741211,40.865000343322755,32562938.6,37060377.5
2025-09-02,40.900001525878906,41.0,40.650001525878906,40.900001525878906,20379773,40.74000015258789,40.99500007629395,40.84000034332276,23816671.6,36690638.8
2025-09-03,40.900001525878906,40.95000076293945,40.70000076293945,40.95000076293945,11803934,40.73000030517578,40.89500007629395,40.85000038146973,20124461.0,35164676.4
2025-09-04,42.0,42.70000076293945,41.150001525878906,41.150001525878906,67960253,41.01000061035156,40.954999923706055,40.93000030517578,28953243.0,35932021.3
2025-09-05,41.20000076293945,41.900001525878906,41.04999923706055,41.84999847412109,36383751,41.150000762939456,41.01500015258789,40.96500034332276,31466936.4,36014119.3
2025-09-08,41.59999847412109,41.650001525878906,41.25,41.59999847412109,16875937,41.32000045776367,41.12000007629395,41.025000190734865,30680729.6,35623040.95
2025-09-09,41.45000076293945,41.75,41.400001525878906,41.59999847412109,17589011,41.43000030517578,41.08500022888184,41.06500015258789,30122577.2,35298811.15
2025-09-10,41.25,41.5,41.09999847412109,41.45000076293945,22594413,41.5,41.11500015258789,41.09000015258789,32280673.0,34954562.85
2025-09-11,40.900001525878906,41.400001525878906,40.900001525878906,41.25,22260883,41.28000030517578,41.14500045776367,41.09500026702881,23140799.0,34791303.65
2025-09-12,41.150001525878906,41.29999923706055,40.900001525878906,41.0,25369434,41.27000045776367,41.210000610351564,41.09250030517578,20937935.6,34408694.1
2025-09-15,41.09999847412109,41.45000076293945,41.09999847412109,41.20000076293945,27414854,41.17000045776367,41.24500045776367,41.12750015258789,23045719.0,33258548.5
2025-09-16,41.04999923706055,41.5,41.04999923706055,41.20000076293945,20338285,41.09000015258789,41.260000228881836,41.12750015258789,23595573.8,32665066.6
2025-09-17,41.45000076293945,41.5,41.09999847412109,41.09999847412109,21981283,41.130000305175784,41.31500015258789,41.10500011444092,23472947.8,28296098.8
2025-09-18,41.79999923706055,42.09999847412109,41.650001525878906,41.70000076293945,38555370,41.30999984741211,41.295000076293945,41.125,26731845.2,27917608.2
2025-09-19,43.25,43.400001525878906,42.20000076293945,42.45000076293945,107771839,41.72999954223633,41.5,41.257500076293944,43212326.2,32075984.3
2025-09-22,43.04999923706055,43.95000076293945,43.0,43.900001525878906,64904449,42.119999694824216,41.64500007629395,41.382500076293944,50710245.2,34249908.1
2025-09-23,43.900001525878906,44.45000076293945,43.34999847412109,43.54999923706055,84234256,42.69000015258789,41.89000015258789,41.48750019073486,63489439.4,35256065.5
2025-09-24,44.84999847412109,45.29999923706055,44.09999847412109,44.400001525878906,86102820,43.369999694824216,42.24999999999999,41.68250007629395,76313746.8,38047957.15
2025-09-25,44.29999923706055,45.25,44.04999923706055,44.84999847412109,58873725,43.869999694824216,42.58999977111816,41.867500114440915,80377417.8,39800826.25
2025-09-26,44.84999847412109,45.29999923706055,44.150001525878906,44.84999847412109,47396933,44.189999389648435,42.959999465942374,42.08500003814697,68302436.6,40979908.7
2025-09-30,45.54999923706055,47.29999923706055,45.25,45.54999923706055,132135580,44.689999389648435,43.404999542236325,42.325,81748662.8,46546339.15
2025-10-01,44.25,45.900001525878906,44.0,45.79999923706055,80189193,44.75999908447265,43.724999618530276,42.492499923706056,80939650.2,49536810.15
2025-10-02,43.79999923706055,44.54999923706055,43.34999847412109,44.45000076293945,61988144,44.54999923706055,43.95999946594238,42.63749980926514,76116715.0,52046020.65
2025-10-03,43.84999847412109,43.84999847412109,43.20000076293945,43.34999847412109,40817851,44.45999908447265,44.164999389648436,42.729999732971194,72505540.2,50688900.55
2025-10-07,44.29999923706055,44.34999847412109,43.5,43.84999847412109,29753422,44.349999237060544,44.26999931335449,42.884999656677245,68976838.0,50357384.1
2025-10-08,44.95000076293945,44.95000076293945,44.29999923706055,44.5,39893979,44.22999954223633,44.45999946594238,43.052499771118164,50528517.8,51508286.2
2025-10-09,45.650001525878906,46.29999923706055,45.5,45.59999847412109,71854411,44.50999984741211,44.634999465942386,43.26249980926514,48861561.4,54221556.2
2025-10-13,45.45000076293945,45.5,44.25,44.5,59392456,44.84000015258789,44.69499969482422,43.47249984741211,48342423.8,56061458.35
2025-10-14,44.84999847412109,46.34999847412109,44.84999847412109,46.0,46400125,45.04000015258789,44.749999618530275,43.66999969482422,49458878.6,57268420.45
2025-10-15,44.5,45.09999847412109,44.29999923706055,45.0,35642582,45.08000030517578,44.714999771118165,43.83749961853027,50636710.6,57782077.85
2025-10-16,44.900001525878906,45.29999923706055,44.650001525878906,44.900001525878906,31492824,45.07000045776367,44.65,44.027499771118165,48956479.6,57985976.35
2025-10-17,45.75,45.900001525878906,45.09999847412109,45.29999923706055,45710984,45.09000015258789,44.8,44.26249980926514,43727794.2,59254611.3
2025-10-20,46.09999847412109,46.25,45.84999847412109,46.04999923706055,32982073,45.21999969482422,45.02999992370606,44.494999694824216,38445717.6,59804650.8
2025-10-21,45.45000076293945,46.29999923706055,45.45000076293945,46.20000076293945,25934845,45.34000015258789,45.19000015258789,44.67749977111816,34352661.6,59173624.55
2025-10-22,45.5,45.70000076293945,45.09999847412109,45.400001525878906,23685066,45.54000015258789,45.31000022888183,44.78999977111816,31961158.4,54969285.9
2025-10-23,45.400001525878906,45.5,45.04999923706055,45.5,15560798,45.64000015258789,45.35500030517578,44.907499885559076,28774753.2,52502103.35
2025-10-27,45.59999847412109,46.45000076293945,45.59999847412109,46.04999923706055,44433603,45.60999984741211,45.35,44.99249973297118,28519277.0,50512070.7
2025-10-28,46.0,46.25,45.79999923706055,46.0,44730201,45.59000015258789,45.40499992370606,45.04999980926513,30868902.6,48443439.75
2025-10-29,45.59999847412109,46.25,45.59999847412109,46.25,28686171,45.619999694824216,45.47999992370605,45.11499977111816,31419167.8,46934062.05
2025-10-30,45.84999847412109,46.20000076293945,44.79999923706055,45.59999847412109,55662596,45.689999389648435,45.614999771118164,45.16499977111816,37814673.8,47347345.2
2025-10-31,46.400001525878906,46.84999847412109,46.0,46.20000076293945,50233207,45.88999938964843,45.76499977111816,45.20749988555907,44749155.6,43252226.55
2025-11-03,47.59999847412109,48.5,46.79999923706055,47.0,96165770,46.289999389648436,45.94999961853027,45.374999809265134,55095589.0,44051055.4
2025-11-04,47.400001525878906,48.75,47.150001525878906,48.75,65151205,46.56999969482422,46.07999992370605,45.55499992370605,59179789.8,44209208.45
2025-11-05,47.09999847412109,47.09999847412109,45.75,47.09999847412109,48037302,46.869999694824216,46.244999694824216,45.71749992370605,63050016.0,44570181.0
2025-11-06,45.79999923706055,47.75,45.79999923706055,47.75,60365518,46.85999984741211,46.274999618530266,45.792499923706046,63990600.4,46100785.8
2025-11-07,45.0,45.59999847412109,44.900001525878906,45.5,33263691,46.57999954223633,46.23499946594238,45.79499988555908,60596697.2,45769271.4
2025-11-10,45.20000076293945,45.650001525878906,45.04999923706055,45.5,22981297,46.1,46.19499969482421,45.77249984741211,45959802.6,43325615.7
2025-11-11,45.25,46.0,45.20000076293945,45.59999847412109,28811087,45.66999969482422,46.119999694824216,45.76249980926513,38691779.0,41796547.25
2025-11-12,45.0,45.54999923706055,44.900001525878906,45.20000076293945,32938632,45.25,46.0599998474121,45.76999988555908,35672045.0,41123472.6
2025-11-13,44.45000076293945,45.150001525878906,44.45000076293945,45.0,39585981,44.98000030517578,45.920000076293945,45.767499923706055,31516137.6,41320642.55
2025-11-14,44.150001525878906,44.84999847412109,44.150001525878906,44.34999847412109,32870053,44.810000610351565,45.695000076293944,45.72999992370605,31437410.0,41389504.0
2025-11-17,43.84999847412109,44.34999847412109,43.79999923706055,44.04999923706055,24761430,44.540000152587886,45.320000076293944,45.63499984741211,31793436.6,40342026.3
2025-11-18,44.20000076293945,44.400001525878906,43.79999923706055,44.29999923706055,36974090,44.33000030517578,45.0,45.53999996185303,33426037.2,40541627.15
2025-11-19,44.34999847412109,45.20000076293945,44.0,44.29999923706055,36173559,44.2,44.725,45.48499984741211,34073022.6,41053562.85
2025-11-20,44.650001525878906,45.0,44.25,44.900001525878906,33997431,44.24000015258789,44.61000022888184,45.44249992370605,32955312.6,41569181.1
2025-11-21,45.0,45.0,44.20000076293945,44.20000076293945,35889116,44.40999984741211,44.61000022888184,45.42249984741211,33559125.2,42585597.0
2025-11-24,46.54999923706055,46.54999923706055,45.0,45.45000076293945,96809729,44.95,44.74500007629395,45.46999988555908,47968785.0,45204403.3
2025-11-25,45.09999847412109,46.09999847412109,45.04999923706055,46.04999923706055,48603850,45.12999954223633,44.72999992370605,45.42499980926514,50294737.0,45398085.75
2025-11-26,45.45000076293945,45.84999847412109,44.84999847412109,45.5,37353483,45.35,44.775,45.41749992370605,50530721.8,45831451.35
2025-11-27,45.95000076293945,45.95000076293945,45.20000076293945,45.29999923706055,31875985,45.60999984741211,44.925,45.42250003814697,50106432.6,44642120.8
2025-11-28,45.79999923706055,46.0,45.20000076293945,45.5,24598918,45.76999969482422,45.089999771118165,45.392499923706055,47848393.0,43360406.35
2025-12-01,46.5,46.59999847412109,45.79999923706055,45.79999923706055,40046416,45.75999984741211,45.35499992370605,45.3375,36495730.4,40554438.65
2025-12-02,47.20000076293945,47.59999847412109,46.5,46.54999923706055,45599924,46.18000030517578,45.65499992370606,45.32749996185303,35894945.2,39576874.6
2025-12-03,47.5,48.29999923706055,47.34999847412109,47.650001525878906,48477991,46.59000015258789,45.97000007629394,45.347500038146975,38119846.8,39598909.05
2025-12-04,48.0,48.25,47.84999847412109,48.0,45884116,47.0,46.304999923706056,45.45750007629395,40921473.0,38874838.95
2025-12-05,48.900001525878906,49.29999923706055,48.0,48.04999923706055,82641984,47.62000045776367,46.695000076293944,45.65250015258789,52530086.2,41343753.6
2025-12-08,49.29999923706055,50.0,48.45000076293945,49.75,66401289,48.18000030517578,46.97000007629394,45.857500076293945,57801060.8,43514753.2
2025-12-09,49.59999847412109,49.900001525878906,48.70000076293945,49.70000076293945,43073174,48.65999984741211,47.420000076293945,46.075,57295710.8,44227857.55
2025-12-10,49.34999847412109,49.75,49.0,49.75,42078886,49.029999542236325,47.80999984741211,46.29249992370605,56015889.8,44684870.25
2025-12-11,48.650001525878906,49.59999847412109,48.0,49.54999923706055,41866258,49.1599998474121,48.079999923706055,46.502499961853026,55212318.2,44798884.1
2025-12-12,48.79999923706055,48.900001525878906,48.29999923706055,48.650001525878906,41253059,49.13999938964843,48.37999992370605,46.73499984741211,46934533.2,45218034.4
2025-12-15,48.84999847412109,48.84999847412109,48.20000076293945,48.400001525878906,43233765,49.04999923706054,48.614999771118164,46.98499984741211,42301028.4,46141651.15
2025-12-16,49.20000076293945,49.20000076293945,47.900001525878906,48.75,82993384,48.96999969482422,48.81499977111817,47.23499984741211,50285070.4,48442615.85
2025-12-17,50.400001525878906,50.900001525878906,49.29999923706055,49.45000076293945,121255998,49.18000030517578,49.10499992370605,47.5375,66120492.8,52696737.8
2025-12-18,50.29999923706055,50.70000076293945,49.70000076293945,50.20000076293945,62599569,49.50999984741211,49.33499984741211,47.819999885559085,70267155.0,54126844.7
2025-12-19,50.70000076293945,50.70000076293945,50.09999847412109,50.29999923706055,68014965,49.89000015258789,49.51499977111816,48.10499992370605,75619536.2,55733137.15
2025-12-22,50.900001525878906,51.09999847412109,50.400001525878906,51.0,65719784,50.300000762939455,49.675,48.32250003814697,80116740.0,54178639.9
2025-12-23,50.0,51.0,49.650001525878906,51.0,45790969,50.460000610351564,49.71500015258789,48.56750011444092,72676257.0,54037995.85
2025-12-24,49.650001525878906,50.0,49.29999923706055,49.900001525878906,47697812,50.310000610351565,49.74500045776367,48.77750015258789,57964619.8,54555212.3
2025-12-26,49.95000076293945,50.09999847412109,49.54999923706055,49.84999847412109,40760795,50.24000091552735,49.875000381469725,48.97750015258789,53596865.0,54999452.8
2025-12-29,49.650001525878906,49.95000076293945,49.400001525878906,49.95000076293945,21458772,50.03000106811523,49.960000610351564,49.17000026702881,44285626.4,54842445.5
2025-12-30,49.5,50.0,49.34999847412109,49.5,26366450,49.75000076293945,50.025000762939456,49.32000026702881,36414959.6,54158447.2
2025-12-31,49.25,49.70000076293945,49.04999923706055,49.59999847412109,25770824,49.60000076293945,50.03000068664551,49.42250022888184,32410930.6,53166992.2
2026-01-02,48.70000076293945,49.400001525878906,48.400001525878906,49.34999847412109,29250355,49.41000061035156,49.86000061035156,49.48250026702881,28721439.2,52205610.4
2026-01-05,48.5,49.0,48.09999847412109,48.5,44471888,49.12000045776367,49.680000686645506,49.50750026702881,29463657.8,52134999.0
2026-01-06,49.20000076293945,49.20000076293945,48.34999847412109,48.84999847412109,48390300,49.03000030517578,49.53000068664551,49.52250022888184,34849963.4,50422414.8
2026-01-07,54.09999847412109,54.09999847412109,50.70000076293945,50.79999923706055,230965277,49.95,49.85000038146972,49.76250019073486,75769728.8,58650614.2
2026-01-08,52.79999923706055,58.400001525878906,52.09999847412109,57.0,644884888,50.65999984741211,50.130000305175784,49.92250022888184,199592541.6,88741199.9
2026-01-09,55.09999847412109,56.5,53.59999847412109,54.400001525878906,306881896,51.939999389648435,50.675,50.21000022888184,255118849.8,101981350.4
2026-01-12,55.29999923706055,57.400001525878906,54.79999923706055,57.0,187151237,53.29999923706055,51.20999984741211,50.54250011444092,283654719.6,109245599.35
2026-01-13,54.900001525878906,56.59999847412109,53.79999923706055,55.5,128953631,54.439999389648435,51.73499984741211,50.847500228881835,299767385.8,113630627.95
2026-01-14,54.0,55.400001525878906,53.70000076293945,55.09999847412109,154811585,54.41999969482422,52.18499984741211,51.10500030517578,284536647.4,119209518.95
2026-01-15,54.70000076293945,55.0,53.70000076293945,54.70000076293945,98309216,54.8,52.72999992370605,51.380000305175784,175221513.0,119975310.55
2026-01-16,58.5,59.0,53.79999923706055,54.79999923706055,304570619,55.48000030517578,53.70999984741211,51.785000228881835,174759257.6,129141041.6
2026-01-19,62.5,63.5,58.79999923706055,60.29999923706055,338651958,56.92000045776367,55.10999984741211,52.395000267028806,205059401.8,142943661.05
2026-01-20,67.80000305175781,68.69999694824219,61.0,62.400001525878906,469623641,59.50000076293945,56.97000007629394,53.250000381469725,273193403.8,163024094.85
2026-01-21,68.4000015258789,71.9000015258789,67.0999984741211,70.9000015258789,438361845,62.380001068115234,58.400000381469724,54.125000381469725,329903455.8,181656197.9
2026-01-22,67.5999984741211,71.9000015258789,67.5,71.5,268253929,64.96000061035156,59.880000305175784,55.005000305175784,363892398.4,192779345.9
2026-01-23,64.80000305175781,69.4000015258789,62.900001525878906,68.0,268830260,66.22000122070312,60.85000076293945,55.76250038146973,356744326.6,203835968.3
2026-01-26,69.30000305175781,69.5,65.30000305175781,66.0,223044536,67.58000183105469,62.25000114440918,56.730000495910645,333622842.2,212950155.35
2026-01-27,76.19999694824219,76.19999694824219,69.5999984741211,71.0999984741211,499434330,69.26000061035157,64.3800006866455,58.05750026702881,339584980.0,236848933.25
2026-01-28,75.9000015258789,79.69999694824219,75.30000305175781,79.5999984741211,525499756,70.76000061035157,66.5700008392334,59.37750034332275,357012562.2,261805598.55
2026-01-29,68.4000015258789,71.9000015258789,68.4000015258789,70.30000305175781,277417422,70.92000122070313,67.94000091552735,60.3350004196167,358845260.8,274387928.45
2026-01-30,62.400001525878906,65.4000015258789,61.59999847412109,65.0,369865203,70.44000091552735,68.33000106811524,61.02000045776367,379052249.4,291418670.85
2026-02-02,60.70000076293945,62.400001525878906,58.79999923706055,62.29999923706055,192416866,68.72000045776367,68.15000114440917,61.63000049591064,372926715.4,298815919.75
2026-02-03,60.79999923706055,62.59999847412109,58.79999923706055,62.5,183445997,65.64000091552734,67.45000076293945,62.2100004196167,309729048.8,305568704.6
2026-02-04,61.79999923706055,61.900001525878906,59.79999923706055,60.59999847412109,102061867,62.82000045776367,66.79000053405761,62.595000457763675,225041471.0,299123534.1
2026-02-05,61.5,61.79999923706055,60.09999847412109,61.79999923706055,92170463,61.44000015258789,66.18000068664551,63.03000049591064,187992079.2,271487812.85
2026-02-06,61.900001525878906,62.59999847412109,59.900001525878906,61.09999847412109,120535637,61.34000015258789,65.89000053405762,63.37000064849853,138126166.0,262170499.9
2026-02-09,62.400001525878906,64.30000305175781,61.79999923706055,63.59999847412109,139921949,61.68000030517578,65.20000038146972,63.72500076293945,127627182.6,259809035.5
2026-02-10,62.400001525878906,63.59999847412109,61.79999923706055,62.79999923706055,91242137,62.00000076293945,63.8200008392334,64.10000076293946,109186410.6,257923460.8
2026-02-11,62.79999923706055,63.400001525878906,62.09999847412109,62.900001525878906,87219731,62.20000076293945,62.51000061035156,64.54000072479248,106217983.4,254543868.1
2026-02-23,63.900001525878906,65.19999694824219,63.09999847412109,65.19999694824219,140691976,62.68000106811523,62.060000610351565,65.00000076293945,115922286.0,256663006.1
2026-02-24,67.5,69.5,64.0,64.30000305175781,182119009,63.800000762939455,62.57000045776367,65.45000076293945,128238960.4,250540425.6
2026-02-25,65.5,69.30000305175781,65.30000305175781,69.30000305175781,148725670,64.42000045776368,63.05000038146973,65.60000076293946,129999704.6,241044111.2
2026-02-26,65.4000015258789,67.4000015258789,65.0,66.0,174910983,65.02000045776367,63.51000061035156,65.48000068664551,146733473.8,226308478.3
2026-03-02,64.5,65.5999984741211,63.5,64.0999984741211,96568472,65.36000061035156,63.78000068664551,65.28500061035156,148603222.0,209218809.65
2026-03-03,62.59999847412109,65.0999984741211,62.09999847412109,64.5,114479134,65.1,63.89000053405762,65.03500061035156,143360653.6,201530069.9
2026-03-04,60.0,62.0,60.0,61.0,114266906,63.6,63.70000038146973,64.79500045776368,129790233.0,193801902.2
2026-03-05,62.09999847412109,64.0,61.29999923706055,62.5,75570495,62.91999969482422,63.670000076293945,64.43500022888183,115159198.0,186428200.15
2026-03-06,62.0,62.29999923706055,61.0,62.09999847412109,54687401,62.23999938964844,63.62999992370605,63.72500038146973,91114481.6,164190853.7
2026-03-09,59.70000076293945,59.70000076293945,57.20000076293945,58.29999923706055,111723835,61.279999542236325,63.320000076293944,62.91500034332275,94145554.2,143502057.65
2026-03-10,60.400001525878906,61.20000076293945,59.0,60.79999923706055,75467464,60.84000015258789,62.97000007629394,62.515000343322754,86343220.2,133404559.75
2026-03-11,62.20000076293945,62.79999923706055,61.29999923706055,62.20000076293945,55747854,61.28000030517578,62.44000015258789,62.505000305175784,74639409.8,117698692.3
2026-03-12,60.59999847412109,62.20000076293945,60.20000076293945,62.20000076293945,64444916,60.98000030517578,61.95,62.500000190734866,72414294.0,111300094.8
2026-03-13,59.5,60.20000076293945,59.0,59.79999923706055,64162838,60.48000030517578,61.35999984741211,62.43500022888183,74309381.4,105335936.85
2026-03-16,60.5,61.0,60.09999847412109,60.5,58677753,60.64000015258789,60.95999984741211,62.37000026702881,63700165.0,103166731.15
2026-03-17,60.70000076293945,61.5,60.20000076293945,60.900001525878906,46464259,60.7,60.77000007629395,62.33000030517578,57899524.0,100881420.95
2026-03-18,61.09999847412109,61.5,60.400001525878906,61.29999923706055,65532503,60.47999954223633,60.87999992370605,62.29000015258789,59856453.8,98131264.25
2026-03-19,58.70000076293945,60.400001525878906,58.59999847412109,60.400001525878906,84931746,60.1,60.54000015258789,62.10500011444092,63953819.8,95381754.1
2026-03-20,57.79999923706055,59.0,57.70000076293945,58.5,80718669,59.75999984741211,60.12000007629395,61.875,67264986.0,94855580.7
2026-03-23,56.70000076293945,57.0,55.70000076293945,56.0,62921550,59.0,59.820000076293944,61.570000076293944,68113745.4,93640671.65
2026-03-24,56.5,57.5,55.70000076293945,57.5,52694700,58.15999984741211,59.429999923706056,61.2,69359833.6,89240807.85
2026-03-25,59.09999847412109,59.400001525878906,57.59999847412109,58.0,53911720,57.75999984741211,59.119999694824216,60.77999992370606,67035677.0,82830443.4
2026-03-26,58.20000076293945,59.5,58.09999847412109,59.400001525878906,34931899,57.65999984741211,58.87999992370605,60.41499996185303,57035707.6,77140754.85
2026-03-27,57.79999923706055,58.5,57.09999847412109,57.09999847412109,41464196,57.65999984741211,58.70999984741211,60.03499984741211,49184813.0,70468415.5
2026-03-30,57.0,57.5,55.79999923706055,56.29999923706055,60495316,57.71999969482422,58.35999984741211,59.65999984741211,48699566.2,68664757.7
2026-03-31,56.5,56.900001525878906,55.79999923706055,55.900001525878906,71434250,57.71999969482422,57.93999977111817,59.35499992370605,52447476.2,66512513.5
2026-04-01,57.400001525878906,58.5,56.79999923706055,57.5,61710505,57.380000305175784,57.570000076293944,59.225,54007233.2,63884693.45
2026-04-02,53.59999847412109,57.79999923706055,52.79999923706055,57.5,112129472,56.45999984741211,57.05999984741211,58.8,69446747.8,65712642.3
2026-04-07,58.29999923706055,58.900001525878906,54.70000076293945,54.70000076293945,163823438,56.55999984741211,57.10999984741211,58.61499996185303,93918596.2,71169444.15
2026-04-08,60.29999923706055,61.70000076293945,59.5,59.79999923706055,161175374,57.21999969482422,57.46999969482422,58.64499988555908,114054607.8,73642021.1
2026-04-09,60.0,60.59999847412109,58.79999923706055,60.59999847412109,76399426,57.91999969482422,57.81999969482422,58.624999809265134,115047643.0,73688619.2
2026-04-10,62.0,63.5,59.29999923706055,59.70000076293945,150810786,58.83999938964844,58.10999984741211,58.614999771118164,132867699.2,78441765.8
2026-04-13,60.09999847412109,61.5,58.59999847412109,61.5,123412684,60.13999938964844,58.29999961853027,58.589999771118165,135124341.6,81390154.2
2026-04-14,59.70000076293945,60.400001525878906,59.09999847412109,60.09999847412109,72941136,60.41999969482422,58.489999771118164,58.599999809265135,116947881.2,81829069.1
2026-04-15,62.09999847412109,63.400001525878906,60.09999847412109,60.09999847412109,143871383,60.779999542236325,58.999999618530275,58.67999973297119,113487083.0,86088750.6
2026-04-16,68.30000305175781,68.30000305175781,65.5999984741211,66.5,280417097,62.44000015258789,60.179999923706056,59.05999984741211,154290617.2,97786392.5
2026-04-17,73.0,74.80000305175781,67.5999984741211,68.30000305175781,494806022,64.64000015258789,61.739999771118164,59.65499992370606,223089664.4,119250068.45
2026-04-20,76.9000015258789,80.19999694824219,76.30000305175781,78.0,348790257,68.00000076293945,64.07000007629395,60.564999961853026,268165179.0,132442994.0
2026-04-21,76.19999694824219,78.5,74.0,78.0,315361026,71.3,65.85999984741211,61.48499984741211,316649157.0,144175111.85
2026-04-22,78.5999984741211,79.80000305175781,75.80000305175781,76.5,231383599,74.6,67.68999977111817,62.57999973297119,334151600.2,152598214.3
2026-04-23,73.5999984741211,79.5,71.5999984741211,79.5,230028648,75.65999908447266,69.04999961853028,63.43499965667725,324073910.4,161464911.7
2026-04-24,74.5,78.30000305175781,73.30000305175781,77.0,178977116,75.95999908447266,70.29999961853028,64.20499973297119,260908129.2,167718181.5
2026-04-27,72.69999694824219,76.4000015258789,70.69999694824219,76.0,185496761,75.11999816894532,71.55999946594238,64.92999954223633,228249430.0,175246424.6
2026-04-28,75.0999984741211,77.69999694824219,71.30000305175781,72.30000305175781,162722456,74.89999847412109,73.09999923706054,65.79499950408936,197721716.0,181309337.6
2026-04-29,74.5,75.30000305175781,72.4000015258789,75.30000305175781,119808582,74.07999877929687,74.33999938964844,66.66999950408936,175406712.6,184275000.9
2026-04-30,77.30000305175781,80.9000015258789,76.30000305175781,80.5,331616948,74.81999969482422,75.23999938964843,67.70999965667724,195724372.6,197284135.8
2026-05-04,81.19999694824219,82.4000015258789,79.4000015258789,80.0,240260266,76.15999908447266,76.05999908447265,68.89999942779541,207981002.6,206211623.85
2026-05-05,83.0999984741211,85.19999694824219,80.0999984741211,80.80000305175781,171549816,78.23999938964843,76.67999877929688,70.37499942779542,205191613.6,209182641.05
2026-05-06,91.4000015258789,91.4000015258789,87.80000305175781,88.5,253983202,81.5,78.19999923706055,72.02999954223633,223443762.8,213690629.25
2026-05-07,96.5,98.8000030517578,93.0,97.4000015258789,323781992,85.9,79.98999938964843,73.8399995803833,264238444.8,221820960.15
2026-05-08,91.3000030517578,98.8000030517578,89.9000015258789,96.5,216239801,88.7,81.7599998474121,75.40499973297119,241163015.4,228812978.9
2026-05-11,95.0,96.3000030517578,92.0,94.6999969482422,177668192,91.46000061035156,83.80999984741212,77.0549997329712,228644600.6,230155849.2
2026-05-12,104.5,104.5,94.3000030517578,96.6999969482422,379946290,95.74000091552735,86.9900001525879,79.27499980926514,270323895.4,242982529.5
2026-05-13,98.4000015258789,102.0,94.5,102.0,349701662,97.14000091552734,89.32000045776367,81.2099998474121,289467587.4,256820555.8
2026-05-14,108.0,108.0,98.8000030517578,102.0,330599652,99.44000091552735,92.67000045776368,83.50499992370605,290831119.4,266156969.25
2026-05-15,110.0,118.0,108.0,112.0,408587830,103.18000030517578,95.94000015258788,85.58999977111816,329300725.2,272565505.9
