組合名稱,隔1日上漲機率(%),隔1日出現次數,隔2日上漲機率(%),隔2日出現次數,隔3日上漲機率(%),隔3日出現次數,隔4日上漲機率(%),隔4日出現次數,隔5日上漲機率(%),隔5日出現次數
T字線_等級-1,32.73,8808,37.49,8808,39.13,8806,40.49,8805,40.86,8800
T字線_等級-2,40.93,904,44.36,904,43.14,904,44.69,904,45.46,904
T字線_等級-3,40.31,196,48.47,196,46.43,196,43.88,196,48.98,196
T字線_等級-4,47.46,59,40.68,59,40.68,59,40.68,59,42.37,59
T字線_等級-5,33.33,24,45.83,24,41.67,24,50.0,24,41.67,24
T字線_等級-6,37.5,8,50.0,8,62.5,8,37.5,8,50.0,8
T字線_等級0,29.53,16782,34.87,16781,37.69,16778,40.5,16774,41.82,16769
T字線_等級1,35.71,14468,40.64,14468,42.97,14467,44.55,14466,45.51,14463
T字線_等級2,39.37,2464,42.69,2464,43.63,2464,45.59,2463,44.66,2463
T字線_等級3,40.7,1091,43.63,1091,44.55,1091,45.65,1091,45.0,1091
T字線_等級4,58.38,7033,53.93,7033,53.42,7033,51.53,7033,51.24,7033
T字線_等級5,57.11,2201,52.48,2199,53.96,2198,51.82,2196,49.89,2195
T字線_等級6,46.77,588,44.73,588,44.05,588,43.2,588,43.54,588
T字線_等級999,46.77,62,32.26,62,37.1,62,35.48,62,30.65,62
一字線_等級-1,40.18,4544,43.75,4544,44.77,4543,45.56,4543,45.38,4542
一字線_等級-2,44.67,1605,49.47,1605,49.31,1604,49.44,1604,48.0,1604
一字線_等級-3,47.73,750,48.8,750,52.93,750,52.53,750,51.73,750
一字線_等級-4,33.96,2244,34.22,2244,38.77,2244,41.22,2244,42.25,2244
一字線_等級-5,32.38,803,31.75,800,44.93,799,48.5,798,53.01,798
一字線_等級-6,28.38,222,27.93,222,32.88,222,39.64,222,41.44,222
一字線_等級0,30.29,9080,37.07,9080,39.91,9078,41.13,9076,42.65,9074
一字線_等級1,39.26,4266,43.76,4266,45.67,4265,45.86,4265,45.44,4265
一字線_等級2,38.8,1330,42.33,1330,43.76,1330,43.16,1330,41.5,1330
一字線_等級3,38.32,736,39.95,736,41.44,736,39.54,736,38.18,736
一字線_等級4,75.12,6877,66.96,6877,65.93,6877,63.18,6877,61.44,6877
一字線_等級5,74.54,2694,67.94,2689,66.78,2685,63.33,2678,62.66,2678
一字線_等級6,71.02,352,59.09,352,60.11,351,56.0,350,54.29,350
一字線_等級999,52.33,86,55.81,86,50.0,86,51.16,86,55.81,86
一般紅K_等級-1,41.27,45943,43.74,45938,44.71,45925,45.48,45909,46.22,45890
一般紅K_等級-2,46.15,8036,46.78,8034,48.51,8029,48.66,8027,50.21,8027
一般紅K_等級-3,47.68,2714,47.94,2714,50.74,2714,51.38,2713,51.94,2713
一般紅K_等級-4,44.86,925,46.49,925,48.76,925,49.78,924,50.38,923
一般紅K_等級-5,45.48,310,48.06,310,57.1,310,57.42,310,61.81,309
一般紅K_等級-6,57.24,145,64.14,145,64.14,145,64.83,145,68.06,144
一般紅K_等級0,39.73,21951,42.48,21946,44.06,21943,45.2,21937,46.4,21933
一般紅K_等級1,43.53,292093,45.28,292057,46.11,291994,46.74,291946,47.25,291893
一般紅K_等級2,41.15,168835,42.88,168801,43.95,168767,44.33,168721,44.84,168676
一般紅K_等級3,39.74,71021,41.45,70982,42.51,70968,42.85,70934,43.09,70886
一般紅K_等級4,41.32,27574,42.57,27560,43.39,27548,43.34,27529,43.64,27503
一般紅K_等級5,36.8,8260,37.71,8255,39.59,8247,38.46,8238,39.3,8230
一般紅K_等級6,40.77,1084,39.58,1084,41.79,1084,41.24,1084,41.79,1084
一般紅K_等級999,46.45,211,44.08,211,40.76,211,45.02,211,43.13,211
一般陰線_等級-1,44.92,273304,47.29,273203,48.22,273154,48.74,273063,48.99,272970
一般陰線_等級-2,47.68,105916,49.25,105869,49.43,105843,50.15,105804,50.23,105781
一般陰線_等級-3,50.91,41556,51.9,41532,51.8,41515,52.33,41506,52.73,41491
一般陰線_等級-4,52.18,16607,53.61,16601,53.06,16595,54.56,16593,54.71,16588
一般陰線_等級-5,57.65,5705,55.76,5703,54.38,5702,57.47,5700,59.72,5698
一般陰線_等級-6,65.87,627,66.67,627,67.46,627,67.3,627,64.11,627
一般陰線_等級0,43.65,41789,46.32,41779,47.42,41773,48.13,41767,48.42,41763
一般陰線_等級1,45.15,109190,47.08,109158,47.62,109148,47.95,109128,48.23,109089
一般陰線_等級2,41.67,15530,44.93,15518,45.3,15516,45.0,15509,45.05,15497
一般陰線_等級3,39.2,3487,41.28,3481,43.78,3479,44.45,3476,43.47,3471
一般陰線_等級4,35.69,961,41.25,960,44.79,960,43.9,959,45.41,958
一般陰線_等級5,33.33,309,36.04,308,42.53,308,40.39,307,43.32,307
一般陰線_等級6,36.14,202,43.07,202,44.06,202,42.57,202,47.03,202
一般陰線_等級999,49.64,139,48.2,139,53.24,139,53.96,139,56.52,138
倒T字線_等級-1,50.84,10827,50.91,10822,51.96,10822,51.64,10822,51.97,10821
倒T字線_等級-2,48.88,2852,51.63,2851,50.75,2851,50.05,2851,49.42,2851
倒T字線_等級-3,57.67,971,56.95,971,58.7,971,55.3,971,56.02,971
倒T字線_等級-4,32.52,3933,33.94,3933,40.53,3933,45.69,3933,48.84,3933
倒T字線_等級-5,36.45,1037,34.2,1035,55.46,1035,61.06,1035,66.57,1035
倒T字線_等級-6,39.43,175,40.0,175,54.86,175,58.86,175,64.57,175
倒T字線_等級0,48.46,12931,51.51,12929,52.19,12929,53.07,12927,53.19,12925
倒T字線_等級1,48.44,8888,50.59,8886,51.07,8885,51.21,8885,51.89,8884
倒T字線_等級2,42.93,622,43.0,621,43.23,620,44.52,620,44.68,620
倒T字線_等級3,45.95,111,54.05,111,51.35,111,51.35,111,54.95,111
倒T字線_等級4,46.43,28,50.0,28,50.0,28,50.0,28,50.0,28
倒T字線_等級5,33.33,15,26.67,15,33.33,15,40.0,15,53.33,15
倒T字線_等級6,22.22,9,22.22,9,33.33,9,22.22,9,33.33,9
倒T字線_等級999,45.0,20,45.0,20,60.0,20,65.0,20,65.0,20
倒錘紅K_等級-1,51.7,11788,52.73,11779,52.81,11778,53.02,11776,52.73,11773
倒錘紅K_等級-2,53.25,3089,53.8,3089,56.17,3089,54.45,3089,53.61,3089
倒錘紅K_等級-3,55.14,2091,56.1,2091,57.2,2091,59.67,2090,59.9,2090
倒錘紅K_等級-4,50.31,1461,48.6,1461,52.29,1461,56.26,1461,58.8,1461
倒錘紅K_等級-5,46.7,409,45.34,408,60.29,408,57.84,408,62.01,408
倒錘紅K_等級-6,53.49,43,58.14,43,58.14,43,65.12,43,65.12,43
倒錘紅K_等級0,46.93,5838,51.97,5838,52.64,5838,50.96,5838,51.35,5838
倒錘紅K_等級1,47.61,63803,48.78,63796,49.21,63793,49.6,63789,49.74,63778
倒錘紅K_等級2,41.96,12886,43.16,12884,43.31,12883,43.33,12879,43.34,12873
倒錘紅K_等級3,39.84,1280,41.28,1279,41.74,1277,40.33,1277,41.74,1277
倒錘紅K_等級4,37.24,145,41.38,145,36.55,145,41.38,145,38.89,144
倒錘紅K_等級5,28.89,45,35.56,45,40.0,45,44.44,45,48.89,45
倒錘紅K_等級6,26.83,41,36.59,41,48.78,41,39.02,41,36.59,41
倒錘紅K_等級999,58.97,39,51.28,39,58.97,39,56.41,39,51.28,39
倒錘綠K_等級-1,48.44,29882,51.04,29867,51.21,29862,51.15,29861,51.26,29854
倒錘綠K_等級-2,50.92,3786,50.78,3783,50.01,3781,50.24,3780,50.81,3779
倒錘綠K_等級-3,55.82,894,52.74,893,53.42,891,51.85,891,52.19,891
倒錘綠K_等級-4,36.11,2412,39.34,2412,45.69,2412,49.09,2412,51.95,2412
倒錘綠K_等級-5,44.98,936,47.86,936,55.98,936,60.53,935,64.99,934
倒錘綠K_等級-6,44.34,106,50.0,106,63.21,106,63.21,106,61.32,106
倒錘綠K_等級0,47.26,9093,49.63,9093,50.08,9093,49.98,9090,50.25,9088
倒錘綠K_等級1,47.41,13713,48.42,13710,48.62,13709,48.54,13708,48.96,13706
倒錘綠K_等級2,41.54,951,44.79,951,45.11,951,45.32,951,44.84,950
倒錘綠K_等級3,39.25,107,36.45,107,42.99,107,39.25,107,37.38,107
倒錘綠K_等級4,33.33,27,29.63,27,33.33,27,48.15,27,33.33,27
倒錘綠K_等級5,20.0,20,20.0,20,25.0,20,20.0,20,25.0,20
倒錘綠K_等級6,30.0,10,50.0,10,50.0,10,50.0,10,40.0,10
倒錘綠K_等級999,80.0,5,80.0,5,80.0,5,80.0,5,80.0,5
光腳紅K_等級-1,45.22,17562,48.02,17559,49.03,17556,49.46,17551,50.19,17543
光腳紅K_等級-2,50.16,4833,51.23,4831,53.14,4831,53.06,4830,53.43,4829
光腳紅K_等級-3,48.98,1952,50.1,1952,52.66,1952,54.61,1952,56.1,1952
光腳紅K_等級-4,41.26,412,46.12,412,54.61,412,56.31,412,58.25,412
光腳紅K_等級-5,41.22,148,43.24,148,55.41,148,57.43,148,60.81,148
光腳紅K_等級-6,66.67,54,70.37,54,66.67,54,70.37,54,62.96,54
光腳紅K_等級0,41.98,8961,46.22,8958,47.63,8958,48.41,8958,48.5,8957
光腳紅K_等級1,45.58,118201,48.21,118190,48.78,118182,49.22,118177,49.66,118159
光腳紅K_等級2,42.04,93272,44.23,93258,45.17,93249,45.57,93243,46.14,93221
光腳紅K_等級3,38.83,41945,41.5,41936,42.71,41931,43.05,41924,43.5,41915
光腳紅K_等級4,39.81,14550,41.66,14545,42.53,14539,42.74,14537,42.82,14528
光腳紅K_等級5,36.71,4157,38.97,4154,40.56,4152,40.38,4151,40.09,4148
光腳紅K_等級6,38.94,565,41.95,565,40.88,565,43.01,565,42.48,565
光腳紅K_等級999,42.42,132,43.94,132,43.94,132,40.15,132,43.18,132
光腳綠K_等級-1,49.39,88102,51.49,88061,52.11,88048,51.98,88023,51.88,88013
光腳綠K_等級-2,49.39,38739,50.5,38719,50.17,38715,50.79,38700,51.09,38691
光腳綠K_等級-3,53.62,12451,54.02,12441,53.34,12438,53.33,12432,53.36,12431
光腳綠K_等級-4,40.05,14525,45.92,14524,47.65,14524,49.23,14524,50.15,14524
光腳綠K_等級-5,48.79,4886,49.74,4883,50.8,4876,53.01,4875,55.66,4874
光腳綠K_等級-6,52.94,578,50.69,578,54.15,578,57.96,578,59.69,578
光腳綠K_等級0,49.27,9992,51.85,9991,52.05,9989,52.65,9989,52.49,9987
光腳綠K_等級1,48.01,11290,50.38,11283,50.22,11282,49.89,11282,50.21,11279
光腳綠K_等級2,44.69,1007,46.47,1007,47.27,1007,46.77,1007,47.91,1006
光腳綠K_等級3,42.65,211,43.13,211,38.86,211,41.23,211,43.6,211
光腳綠K_等級4,41.03,78,48.72,78,38.46,78,34.62,78,39.74,78
光腳綠K_等級5,35.14,37,35.14,37,29.73,37,29.73,37,37.84,37
光腳綠K_等級6,18.18,33,36.36,33,24.24,33,27.27,33,27.27,33
光腳綠K_等級999,54.76,42,59.52,42,61.9,42,66.67,42,50.0,42
光頭紅K_等級-1,30.88,10439,34.46,10439,36.78,10437,37.92,10437,38.82,10436
光頭紅K_等級-2,35.34,1177,38.74,1177,40.36,1177,40.44,1177,41.63,1177
光頭紅K_等級-3,43.0,300,42.33,300,46.67,300,43.81,299,47.16,299
光頭紅K_等級-4,41.41,99,44.44,99,42.42,99,43.43,99,42.42,99
光頭紅K_等級-5,23.33,30,43.33,30,46.67,30,40.0,30,50.0,30
光頭紅K_等級-6,43.48,23,56.52,23,60.87,23,60.87,23,56.52,23
光頭紅K_等級0,28.03,9268,33.7,9265,36.01,9261,37.82,9257,39.17,9257
光頭紅K_等級1,37.0,68298,39.9,68287,41.9,68276,42.91,68268,43.86,68258
光頭紅K_等級2,38.23,32790,39.78,32788,40.64,32778,41.21,32773,41.91,32764
光頭紅K_等級3,38.02,14970,39.02,14968,39.48,14968,39.87,14967,40.34,14964
光頭紅K_等級4,55.16,42144,51.89,42143,51.07,42142,49.97,42142,49.45,42140
光頭紅K_等級5,54.73,24440,50.62,24419,50.71,24393,48.73,24360,47.69,24328
光頭紅K_等級6,56.93,2352,51.06,2350,51.41,2346,50.06,2345,48.03,2338
光頭紅K_等級999,45.1,102,39.22,102,38.24,102,38.24,102,39.22,102
光頭綠K_等級-1,42.76,149506,46.07,149451,47.28,149412,47.91,149327,48.32,149257
光頭綠K_等級-2,44.99,73878,46.45,73857,47.16,73832,47.93,73781,48.35,73747
光頭綠K_等級-3,48.02,28250,48.76,28237,48.25,28225,49.22,28209,49.7,28193
光頭綠K_等級-4,49.73,10171,50.22,10162,51.36,10160,52.3,10157,52.95,10152
光頭綠K_等級-5,54.99,3739,55.77,3733,54.69,3732,56.58,3731,58.45,3723
光頭綠K_等級-6,56.51,361,55.12,361,57.89,361,57.89,361,56.79,361
光頭綠K_等級0,41.23,16516,45.2,16514,47.26,16512,48.21,16506,48.18,16501
光頭綠K_等級1,42.85,31978,45.77,31974,46.91,31964,47.45,31959,47.92,31950
光頭綠K_等級2,37.65,6528,39.81,6526,41.56,6525,42.42,6523,42.99,6522
光頭綠K_等級3,32.24,2432,35.79,2431,37.76,2431,40.12,2430,39.64,2427
光頭綠K_等級4,32.68,456,38.16,456,38.02,455,35.38,455,36.34,454
光頭綠K_等級5,27.48,131,26.72,131,32.82,131,33.59,131,41.98,131
光頭綠K_等級6,35.78,109,42.2,109,32.11,109,30.28,109,33.94,109
光頭綠K_等級999,45.83,96,41.67,96,48.96,96,48.96,96,51.04,96
十字線_等級-1,39.08,1062,43.64,1061,45.09,1060,44.43,1060,45.8,1059
十字線_等級-2,50.67,75,44.0,75,49.33,75,52.0,75,54.67,75
十字線_等級-3,61.54,13,46.15,13,53.85,13,61.54,13,46.15,13
十字線_等級-4,100.0,1,100.0,1,100.0,1,100.0,1,100.0,1
十字線_等級-5,33.33,3,66.67,3,66.67,3,66.67,3,66.67,3
十字線_等級-6,50.0,2,100.0,2,50.0,2,50.0,2,100.0,2
十字線_等級0,40.77,1776,44.37,1776,46.68,1776,48.48,1776,49.21,1776
十字線_等級1,43.38,1692,47.16,1692,48.91,1691,49.14,1691,51.21,1691
十字線_等級2,42.11,95,47.37,95,50.53,95,53.68,95,54.74,95
十字線_等級3,28.57,14,14.29,14,28.57,14,28.57,14,35.71,14
十字線_等級4,0.0,2,0.0,2,50.0,2,100.0,2,50.0,2
十字線_等級6,33.33,3,33.33,3,33.33,3,33.33,3,33.33,3
紡錘紅K_等級-1,32.41,7427,34.33,7427,36.97,7427,38.29,7427,39.67,7426
紡錘紅K_等級-2,33.9,649,37.29,649,40.83,649,41.45,649,42.99,649
紡錘紅K_等級-3,38.66,119,47.9,119,47.9,119,57.98,119,50.42,119
紡錘紅K_等級-4,50.0,32,43.75,32,43.75,32,43.75,32,53.12,32
紡錘紅K_等級-5,68.75,16,56.25,16,50.0,16,62.5,16,62.5,16
紡錘紅K_等級-6,100.0,1,100.0,1,100.0,1,0.0,1,0.0,1
紡錘紅K_等級0,28.67,6213,34.3,6213,35.92,6211,37.53,6209,38.47,6208
紡錘紅K_等級1,36.28,28568,39.69,28567,41.57,28563,42.64,28559,43.28,28554
紡錘紅K_等級2,39.2,3533,41.75,3533,42.68,3533,42.1,3530,43.61,3529
紡錘紅K_等級3,39.66,822,39.9,822,41.78,821,40.8,821,40.24,820
紡錘紅K_等級4,59.44,3775,56.16,3775,54.91,3775,52.98,3775,51.76,3775
紡錘紅K_等級5,57.28,1779,55.4,1778,56.53,1776,54.04,1769,52.49,1768
紡錘紅K_等級6,58.47,183,52.46,183,53.3,182,52.75,182,53.59,181
紡錘紅K_等級999,57.14,14,50.0,14,50.0,14,35.71,14,35.71,14
紡錘綠K_等級-1,34.67,43576,38.35,43571,40.28,43557,41.72,43544,42.31,43530
紡錘綠K_等級-2,36.49,4903,40.12,4903,40.71,4900,42.49,4895,42.89,4894
紡錘綠K_等級-3,39.02,674,42.58,674,43.83,673,48.14,671,50.52,669
紡錘綠K_等級-4,41.38,116,43.1,116,47.83,115,50.43,115,48.7,115
紡錘綠K_等級-5,44.74,38,28.95,38,42.11,38,39.47,38,42.11,38
紡錘綠K_等級-6,52.63,19,52.63,19,52.63,19,47.37,19,52.63,19
紡錘綠K_等級0,34.31,9263,39.27,9263,41.48,9261,42.59,9261,43.7,9257
紡錘綠K_等級1,38.04,19281,41.68,19278,43.05,19275,44.71,19273,45.33,19267
紡錘綠K_等級2,36.52,3031,39.03,3031,41.06,3030,41.22,3028,41.78,3028
紡錘綠K_等級3,32.89,1952,36.96,1951,38.9,1951,40.75,1951,39.52,1951
紡錘綠K_等級4,36.86,1229,38.57,1229,38.73,1229,39.06,1229,37.7,1228
紡錘綠K_等級5,31.49,362,35.91,362,37.4,361,34.35,361,36.67,360
紡錘綠K_等級6,30.86,81,30.86,81,34.57,81,34.57,81,32.1,81
紡錘綠K_等級999,66.67,15,40.0,15,40.0,15,40.0,15,40.0,15
長脖十字線_等級-1,45.57,19160,47.01,19157,47.8,19152,48.18,19148,48.66,19146
長脖十字線_等級-2,46.1,4312,47.59,4312,47.8,4312,47.75,4312,48.28,4312
長脖十字線_等級-3,45.31,1578,48.04,1578,47.75,1577,49.18,1576,50.0,1576
長脖十字線_等級-4,47.23,667,50.37,667,51.57,667,52.32,667,53.97,667
長脖十字線_等級-5,49.02,255,50.98,255,59.61,255,57.65,255,60.78,255
長脖十字線_等級-6,55.39,204,56.37,204,64.71,204,61.27,204,66.67,204
長脖十字線_等級0,44.45,21925,47.6,21920,48.31,21919,48.69,21919,49.25,21917
長脖十字線_等級1,46.43,34014,48.07,34012,48.64,34009,49.0,34008,49.67,34003
長脖十字線_等級2,42.6,3845,45.9,3845,44.45,3845,45.67,3843,46.59,3842
長脖十字線_等級3,39.73,521,38.0,521,43.38,521,45.3,521,40.88,521
長脖十字線_等級4,41.72,151,41.06,151,41.72,151,45.03,151,41.06,151
長脖十字線_等級5,39.02,41,41.46,41,31.71,41,36.59,41,34.15,41
長脖十字線_等級6,38.46,39,46.15,39,35.9,39,33.33,39,30.77,39
長脖十字線_等級999,45.71,35,42.86,35,60.0,35,54.29,35,54.29,35
長腳十字線_等級-1,38.67,16618,41.71,16617,43.58,16617,44.81,16616,45.95,16614
長腳十字線_等級-2,41.91,1990,44.82,1990,45.9,1989,46.35,1989,44.75,1989
長腳十字線_等級-3,47.81,366,47.81,366,51.64,366,50.55,366,50.0,366
長腳十字線_等級-4,48.68,76,50.0,76,41.33,75,48.0,75,44.0,75
長腳十字線_等級-5,36.36,22,50.0,22,50.0,22,54.55,22,63.64,22
長腳十字線_等級-6,75.0,12,75.0,12,66.67,12,66.67,12,66.67,12
長腳十字線_等級0,38.17,19536,42.55,19532,44.92,19530,45.68,19527,46.43,19522
長腳十字線_等級1,44.09,26181,47.2,26177,48.27,26175,49.17,26170,49.66,26165
長腳十字線_等級2,44.09,4758,45.38,4758,45.57,4758,46.22,4758,47.29,4758
長腳十字線_等級3,44.87,2017,44.42,2017,44.37,2017,44.57,2017,44.37,2017
長腳十字線_等級4,46.47,921,45.54,920,44.89,920,43.04,920,43.37,920
長腳十字線_等級5,45.99,474,46.41,474,45.99,474,45.36,474,45.15,474
長腳十字線_等級6,46.29,633,42.97,633,42.34,633,40.92,633,41.07,633
長腳十字線_等級999,44.21,95,42.11,95,41.05,95,37.89,95,38.95,95
陰線_等級-1,48.48,66689,51.32,66672,51.73,66657,52.16,66632,52.24,66618
陰線_等級-2,49.56,30487,50.5,30480,50.98,30471,51.1,30460,51.1,30452
陰線_等級-3,52.77,10478,53.2,10473,52.21,10471,52.7,10468,52.83,10464
陰線_等級-4,38.03,12226,42.76,12225,44.5,12225,46.32,12224,47.06,12223
陰線_等級-5,45.92,4175,50.93,4172,51.82,4170,54.57,4169,55.76,4166
陰線_等級-6,47.55,593,47.39,593,53.63,593,55.82,593,58.18,593
陰線_等級0,46.41,8544,50.12,8544,51.72,8544,52.4,8544,51.98,8543
陰線_等級1,46.24,7466,49.24,7465,49.28,7464,49.72,7464,50.2,7464
陰線_等級2,36.11,1199,38.2,1199,37.86,1199,39.7,1199,39.9,1198
陰線_等級3,35.04,411,37.23,411,38.2,411,37.56,410,38.05,410
陰線_等級4,29.47,207,28.5,207,30.43,207,29.95,207,34.3,207
陰線_等級5,26.32,95,27.37,95,31.58,95,36.84,95,33.68,95
陰線_等級6,21.74,23,26.09,23,30.43,23,34.78,23,17.39,23
陰線_等級999,49.12,57,56.14,57,52.63,57,52.63,57,50.88,57
陽線_等級-1,35.41,9254,39.95,9254,41.48,9253,41.8,9252,42.57,9251
陽線_等級-2,43.24,2005,46.58,2005,48.33,2005,47.38,2005,47.38,2005
陽線_等級-3,47.06,748,51.47,748,53.34,748,52.94,748,51.74,748
陽線_等級-4,47.73,308,49.84,307,52.12,307,52.12,307,53.42,307
陽線_等級-5,47.76,134,56.72,134,56.72,134,58.96,134,57.46,134
陽線_等級-6,44.68,47,57.45,47,48.94,47,46.81,47,44.68,47
陽線_等級0,30.45,9002,35.6,9002,37.81,9002,39.13,9001,40.02,9001
陽線_等級1,38.28,45856,41.94,45853,43.67,45849,44.71,45845,45.64,45842
陽線_等級2,39.43,21891,42.15,21889,43.1,21889,43.9,21889,44.44,21884
陽線_等級3,38.58,9937,41.14,9936,42.14,9935,42.22,9935,42.69,9931
陽線_等級4,56.89,34657,54.05,34656,53.62,34656,52.6,34656,52.13,34655
陽線_等級5,56.28,15971,51.27,15954,50.83,15939,48.77,15935,47.74,15914
陽線_等級6,61.04,1725,54.47,1724,53.11,1723,50.29,1720,50.81,1718
陽線_等級999,43.01,93,38.71,93,35.48,93,39.78,93,33.33,93
