K線型態,漲跌幅等級,振幅等級,T+1,T+2,T+3,T+4,T+5,出現次數
05.實體紅K(大陽線),05.2~4%,1.<5%,40.79,42.78,43.72,44.11,44.71,92725
09.實體綠K(大陰線),08.-2~0%,1.<5%,47.23,50.28,50.88,51.09,51.23,87099
05.實體紅K(大陽線),06.0~2%,1.<5%,41.01,43.91,45.0,45.76,46.44,82154
08.長上影線紅K,06.0~2%,1.<5%,45.04,46.11,46.64,47.24,47.44,69303
05.實體紅K(大陽線),03.6~8%,2.5~10%,49.61,47.7,47.73,47.25,46.77,61692
09.實體綠K(大陰線),09.-4~-2%,1.<5%,47.58,48.74,48.81,49.55,50.09,53607
05.實體紅K(大陽線),04.4~6%,2.5~10%,37.85,39.1,40.19,40.46,40.54,44552
10.長下影線綠K,08.-2~0%,1.<5%,37.56,41.28,42.98,44.33,45.04,34184
05.實體紅K(大陽線),02.8~10%,2.5~10%,50.37,47.01,47.29,45.77,44.84,33273
06.長下影線紅K,06.0~2%,1.<5%,38.79,41.58,43.0,43.85,44.6,29929
12.長上影線綠K,08.-2~0%,1.<5%,47.47,50.16,50.45,50.64,50.48,27398
05.實體紅K(大陽線),04.4~6%,1.<5%,40.15,42.5,43.4,43.57,44.2,27165
09.實體綠K(大陰線),10.-6~-4%,2.5~10%,50.51,51.16,50.68,51.86,52.37,22634
08.長上影線紅K,05.2~4%,1.<5%,41.28,42.27,43.6,43.82,44.17,22073
12.長上影線綠K,06.0~2%,1.<5%,45.02,46.56,46.94,46.88,47.35,22058
08.長上影線紅K,05.2~4%,2.5~10%,41.27,41.92,41.95,42.07,41.9,20575
04.十字線,06.0~2%,1.<5%,45.01,47.19,47.87,48.47,49.22,18461
09.實體綠K(大陰線),11.-8~-6%,2.5~10%,44.13,47.25,47.58,49.4,50.64,17318
05.實體紅K(大陽線),05.2~4%,2.5~10%,37.58,38.96,40.05,40.36,40.87,16544
09.實體綠K(大陰線),06.0~2%,1.<5%,44.44,47.36,47.75,48.09,48.52,15141
09.實體綠K(大陰線),09.-4~-2%,2.5~10%,45.85,48.02,47.88,48.27,49.11,15075
05.實體紅K(大陽線),03.6~8%,1.<5%,53.96,52.56,52.78,51.91,51.87,14291
10.長下影線綠K,06.0~2%,1.<5%,40.21,43.61,44.98,45.47,46.25,13140
07.紅K,06.0~2%,1.<5%,42.38,44.33,45.25,46.42,46.96,12496
08.長上影線紅K,06.0~2%,2.5~10%,43.77,43.86,44.04,43.7,44.11,11551
05.實體紅K(大陽線),08.-2~0%,1.<5%,36.72,39.99,42.14,42.7,43.27,11226
09.實體綠K(大陰線),10.-6~-4%,1.<5%,50.11,49.72,48.25,49.21,49.86,10821
04.十字線,08.-2~0%,1.<5%,42.59,44.18,46.0,46.8,47.37,10637
04.十字線,07.0%,1.<5%,40.41,45.25,46.26,46.58,46.96,10583
11.綠K,08.-2~0%,1.<5%,44.73,47.77,48.45,49.08,49.15,9080
07.紅K,05.2~4%,1.<5%,40.37,42.39,43.65,43.75,44.07,8794
09.實體綠K(大陰線),07.0%,1.<5%,44.96,49.62,50.43,50.98,51.17,8320
06.長下影線紅K,08.-2~0%,1.<5%,34.61,36.99,39.02,40.23,42.05,7948
08.長上影線紅K,08.-2~0%,1.<5%,47.94,49.68,50.06,50.17,50.26,7726
12.長上影線綠K,07.0%,1.<5%,44.43,46.42,46.38,48.06,48.02,7647
05.實體紅K(大陽線),07.0%,1.<5%,31.87,37.18,38.65,40.1,41.25,7424
06.長下影線紅K,05.2~4%,1.<5%,41.27,43.09,44.85,45.06,46.05,6980
12.長上影線綠K,08.-2~0%,2.5~10%,43.99,45.55,45.79,46.05,45.4,6867
12.長上影線綠K,06.0~2%,2.5~10%,42.74,44.04,43.6,43.49,43.25,6458
09.實體綠K(大陰線),08.-2~0%,2.5~10%,40.97,44.22,43.98,44.5,44.4,6098
08.長上影線紅K,04.4~6%,2.5~10%,41.61,41.79,42.54,41.76,41.68,6005
10.長下影線綠K,07.0%,1.<5%,36.41,40.57,43.14,44.66,45.13,5809
09.實體綠K(大陰線),12.-10~-8%,2.5~10%,50.83,53.83,52.26,55.05,57.77,5409
10.長下影線綠K,08.-2~0%,2.5~10%,35.07,37.89,39.95,40.53,41.45,5333
02.T字線,07.0%,1.<5%,28.89,34.17,36.66,39.22,41.61,5310
02.T字線,06.0~2%,1.<5%,35.68,41.47,43.65,45.32,46.14,4893
07.紅K,05.2~4%,2.5~10%,38.39,40.19,41.49,41.08,40.55,4692
10.長下影線綠K,09.-4~-2%,1.<5%,39.6,42.39,42.65,44.46,45.22,4687
10.長下影線綠K,09.-4~-2%,2.5~10%,37.22,41.57,43.03,44.94,44.42,4595
06.長下影線紅K,07.0%,1.<5%,30.33,35.34,37.17,39.14,40.73,4494
09.實體綠K(大陰線),06.0~2%,2.5~10%,38.84,41.25,40.41,40.92,40.87,4392
02.T字線,03.6~8%,1.<5%,57.3,53.91,53.16,51.69,51.6,4372
01.一字線,07.0%,1.<5%,29.15,36.14,38.08,40.18,41.54,4048
01.一字線,03.6~8%,1.<5%,74.22,65.79,65.2,61.68,60.01,4014
09.實體綠K(大陰線),12.-10~-8%,3.10~15%,53.55,54.1,53.11,56.12,56.93,4007
05.實體紅K(大陽線),02.8~10%,3.10~15%,52.58,48.08,46.75,45.47,44.71,4004
08.長上影線紅K,07.0%,1.<5%,43.98,47.84,48.6,48.93,48.88,3986
03.倒T字線,07.0%,1.<5%,46.79,50.69,51.98,53.33,53.01,3893
09.實體綠K(大陰線),05.2~4%,1.<5%,37.49,40.36,40.96,42.42,43.41,3849
12.長上影線綠K,09.-4~-2%,1.<5%,51.26,50.69,49.6,49.64,49.65,3848
07.紅K,04.4~6%,2.5~10%,39.72,41.19,41.58,41.39,41.79,3681
03.倒T字線,08.-2~0%,1.<5%,51.37,51.06,53.24,52.99,53.55,3679
09.實體綠K(大陰線),11.-8~-6%,3.10~15%,49.9,51.02,53.57,54.74,54.11,3582
04.十字線,05.2~4%,1.<5%,43.46,46.78,45.12,46.4,47.23,3504
09.實體綠K(大陰線),11.-8~-6%,1.<5%,43.74,45.65,48.2,49.32,50.47,3483
05.實體紅K(大陽線),02.8~10%,1.<5%,53.74,50.13,50.06,47.96,47.82,3398
06.長下影線紅K,05.2~4%,2.5~10%,37.38,38.82,39.46,38.98,40.71,3369
12.長上影線綠K,05.2~4%,1.<5%,41.25,44.23,45.56,44.9,44.49,3326
03.倒T字線,06.0~2%,1.<5%,46.81,49.58,50.83,50.5,51.59,3307
02.T字線,08.-2~0%,1.<5%,32.68,38.4,39.36,41.51,42.02,3268
06.長下影線紅K,06.0~2%,2.5~10%,33.27,35.88,36.72,37.66,38.93,3237
05.實體紅K(大陽線),06.0~2%,2.5~10%,36.93,40.16,41.8,42.4,42.03,3198
11.綠K,06.0~2%,1.<5%,45.9,48.12,49.72,48.94,48.82,3062
05.實體紅K(大陽線),03.6~8%,3.10~15%,46.91,45.85,43.97,43.8,43.82,3014
05.實體紅K(大陽線),08.-2~0%,2.5~10%,34.3,38.81,41.55,43.08,43.59,2887
10.長下影線綠K,05.2~4%,1.<5%,39.79,43.34,43.23,43.48,43.51,2787
12.長上影線綠K,09.-4~-2%,2.5~10%,47.22,49.52,48.72,48.38,48.25,2631
06.長下影線紅K,03.6~8%,1.<5%,55.88,52.68,53.71,52.11,51.24,2629
05.實體紅K(大陽線),01.>10%,2.5~10%,56.92,51.6,50.56,48.54,47.4,2603
05.實體紅K(大陽線),09.-4~-2%,1.<5%,43.66,46.39,48.28,47.85,48.95,2533
09.實體綠K(大陰線),10.-6~-4%,3.10~15%,48.39,49.33,49.33,49.8,49.04,2454
08.長上影線紅K,04.4~6%,1.<5%,38.01,42.05,44.61,44.32,45.15,2387
09.實體綠K(大陰線),05.2~4%,2.5~10%,35.41,38.05,38.48,39.15,39.3,2309
01.一字線,06.0~2%,1.<5%,39.83,43.34,44.52,45.09,45.42,2109
12.長上影線綠K,05.2~4%,2.5~10%,41.17,43.22,43.41,41.52,40.88,2071
01.一字線,08.-2~0%,1.<5%,38.38,41.02,42.68,44.92,44.65,2049
04.十字線,09.-4~-2%,1.<5%,43.48,45.89,46.34,45.84,47.42,2033
11.綠K,09.-4~-2%,1.<5%,46.66,46.21,46.04,46.8,48.09,2019
10.長下影線綠K,06.0~2%,2.5~10%,36.34,40.06,39.51,40.17,40.04,1984
08.長上影線紅K,09.-4~-2%,1.<5%,52.64,52.3,52.62,53.24,51.83,1913
11.綠K,09.-4~-2%,2.5~10%,46.62,49.1,47.73,48.86,49.29,1893
06.長下影線紅K,04.4~6%,2.5~10%,39.27,40.83,42.49,40.94,42.04,1859
12.長上影線綠K,07.0%,2.5~10%,41.87,42.49,43.3,44.22,44.3,1844
01.一字線,02.8~10%,1.<5%,74.69,68.13,66.63,62.54,62.43,1765
06.長下影線紅K,03.6~8%,2.5~10%,51.18,49.23,48.94,46.69,47.75,1693
04.十字線,06.0~2%,2.5~10%,43.45,44.38,44.62,44.18,42.89,1628
09.實體綠K(大陰線),09.-4~-2%,3.10~15%,45.44,47.11,45.07,45.65,45.46,1615
03.倒T字線,11.-8~-6%,1.<5%,28.94,29.96,36.43,43.53,46.22,1562
06.長下影線紅K,04.4~6%,1.<5%,38.5,43.14,44.67,44.64,46.1,1504
10.長下影線綠K,04.4~6%,1.<5%,35.34,40.35,41.84,43.83,41.93,1477
09.實體綠K(大陰線),04.4~6%,1.<5%,33.65,38.57,40.2,41.6,40.78,1465
09.實體綠K(大陰線),07.0%,2.5~10%,36.71,40.44,41.06,42.17,42.65,1450
06.長下影線紅K,08.-2~0%,2.5~10%,33.17,36.66,36.33,38.8,39.44,1435
05.實體紅K(大陽線),04.4~6%,3.10~15%,35.38,37.5,40.11,40.75,40.04,1416
07.紅K,04.4~6%,1.<5%,39.63,43.34,45.12,44.19,44.01,1403
07.紅K,08.-2~0%,1.<5%,38.25,42.12,43.48,44.87,45.38,1396
05.實體紅K(大陽線),09.-4~-2%,2.5~10%,41.94,47.78,48.96,50.11,50.63,1352
02.T字線,02.8~10%,1.<5%,58.52,54.35,55.98,53.37,50.64,1321
10.長下影線綠K,05.2~4%,2.5~10%,35.03,37.91,41.24,41.2,40.44,1319
11.綠K,08.-2~0%,2.5~10%,40.5,44.47,45.31,42.94,44.89,1311
01.一字線,11.-8~-6%,1.<5%,33.28,33.05,37.2,39.97,40.97,1301
05.實體紅K(大陽線),07.0%,2.5~10%,33.49,35.47,38.48,39.83,40.93,1263
08.長上影線紅K,08.-2~0%,2.5~10%,44.0,44.99,46.03,47.38,48.45,1259
04.十字線,05.2~4%,2.5~10%,45.16,43.39,42.98,44.11,45.0,1240
11.綠K,07.0%,1.<5%,44.73,45.56,48.09,47.84,47.88,1205
06.長下影線紅K,02.8~10%,1.<5%,54.79,54.3,54.89,52.81,51.64,1202
05.實體紅K(大陽線),10.-6~-4%,1.<5%,45.02,48.51,50.81,51.23,53.19,1175
03.倒T字線,09.-4~-2%,1.<5%,49.53,52.3,51.54,51.11,50.17,1173
02.T字線,05.2~4%,1.<5%,40.44,43.86,43.17,45.14,43.77,1172
10.長下影線綠K,04.4~6%,2.5~10%,33.19,35.79,37.46,39.12,37.47,1167
09.實體綠K(大陰線),12.-10~-8%,1.<5%,49.07,49.95,53.85,54.77,57.34,1080
12.長上影線綠K,11.-8~-6%,1.<5%,38.21,38.49,44.73,47.44,51.54,1073
06.長下影線紅K,09.-4~-2%,1.<5%,39.74,39.68,42.67,42.95,46.43,1067
10.長下影線綠K,10.-6~-4%,2.5~10%,40.68,43.79,44.44,46.91,49.24,1058
06.長下影線紅K,02.8~10%,2.5~10%,52.15,49.19,49.43,47.17,45.87,1048
12.長上影線綠K,11.-8~-6%,2.5~10%,42.26,47.81,49.46,52.48,53.46,1027
08.長上影線紅K,10.-6~-4%,1.<5%,52.21,50.93,50.74,53.88,54.28,1017
12.長上影線綠K,10.-6~-4%,2.5~10%,50.75,50.05,52.42,50.91,51.71,995
04.十字線,04.4~6%,2.5~10%,43.26,42.66,44.67,44.06,41.75,994
12.長上影線綠K,10.-6~-4%,1.<5%,53.93,51.84,50.79,49.42,52.1,953
10.長下影線綠K,10.-6~-4%,1.<5%,41.82,40.96,44.49,45.13,45.56,935
08.長上影線紅K,10.-6~-4%,2.5~10%,47.65,51.12,52.35,56.17,58.86,892
04.十字線,07.0%,2.5~10%,37.3,38.09,40.49,41.84,42.07,891
04.十字線,08.-2~0%,2.5~10%,40.57,41.48,42.84,46.59,45.91,880
02.T字線,03.6~8%,2.5~10%,55.92,51.07,50.59,47.87,46.33,844
04.十字線,09.-4~-2%,2.5~10%,42.86,49.17,49.52,50.71,49.4,840
10.長下影線綠K,07.0%,2.5~10%,34.33,37.78,40.76,42.07,40.69,840
07.紅K,03.6~8%,2.5~10%,40.33,43.18,43.23,42.5,41.9,838
09.實體綠K(大陰線),08.-2~0%,3.10~15%,35.63,39.48,40.1,40.47,40.96,814
11.綠K,10.-6~-4%,2.5~10%,49.75,48.4,49.26,50.62,52.4,812
08.長上影線紅K,07.0%,2.5~10%,41.13,44.14,45.75,45.87,45.99,812
12.長上影線綠K,09.-4~-2%,3.10~15%,47.6,47.6,45.01,45.89,46.14,794
05.實體紅K(大陽線),01.>10%,3.10~15%,50.0,44.82,43.42,44.18,44.61,792
01.一字線,05.2~4%,1.<5%,41.53,46.44,45.54,45.15,42.3,773
12.長上影線綠K,08.-2~0%,3.10~15%,43.92,43.79,42.48,43.27,45.23,767
01.一字線,09.-4~-2%,1.<5%,44.2,49.41,49.15,49.54,47.85,767
08.長上影線紅K,09.-4~-2%,2.5~10%,49.47,50.53,54.64,53.65,55.64,754
10.長下影線綠K,03.6~8%,1.<5%,33.74,39.38,40.99,40.73,40.24,744
04.十字線,04.4~6%,1.<5%,44.44,42.08,44.03,45.56,45.28,720
08.長上影線紅K,11.-8~-6%,1.<5%,45.77,43.15,48.1,50.87,55.25,686
05.實體紅K(大陽線),05.2~4%,3.10~15%,37.63,45.97,45.24,46.41,45.16,683
09.實體綠K(大陰線),12.-10~-8%,4.>15%,42.44,43.24,44.85,45.74,47.42,681
06.長下影線紅K,07.0%,2.5~10%,29.07,31.63,34.64,37.35,36.75,664
07.紅K,07.0%,1.<5%,38.28,43.64,44.55,45.3,48.18,661
08.長上影線紅K,05.2~4%,3.10~15%,41.9,39.14,37.12,38.04,36.2,656
09.實體綠K(大陰線),04.4~6%,2.5~10%,33.03,34.1,34.71,35.22,35.33,654
07.紅K,06.0~2%,2.5~10%,39.28,40.22,41.16,42.01,41.6,640
11.綠K,06.0~2%,2.5~10%,38.97,42.51,41.06,40.16,40.78,622
11.綠K,05.2~4%,1.<5%,41.06,46.29,46.61,47.9,47.42,622
08.長上影線紅K,03.6~8%,2.5~10%,39.93,39.59,41.13,40.68,42.05,588
12.長上影線綠K,12.-10~-8%,1.<5%,43.34,41.81,53.92,59.32,65.98,587
04.十字線,10.-6~-4%,2.5~10%,43.69,47.27,46.59,48.89,50.09,586
03.倒T字線,12.-10~-8%,1.<5%,32.51,27.69,57.85,63.32,69.66,569
10.長下影線綠K,03.6~8%,2.5~10%,31.63,34.62,36.62,37.32,37.68,569
04.十字線,03.6~8%,2.5~10%,48.22,46.99,45.49,44.74,42.11,533
08.長上影線紅K,06.0~2%,3.10~15%,46.31,46.97,45.63,44.68,45.33,529
05.實體紅K(大陽線),01.>10%,1.<5%,49.02,48.63,53.12,52.15,51.57,512
02.T字線,04.4~6%,1.<5%,41.04,44.42,44.62,45.22,43.23,502
06.長下影線紅K,09.-4~-2%,2.5~10%,35.28,37.37,40.29,40.5,41.54,479
03.倒T字線,11.-8~-6%,2.5~10%,38.87,42.86,47.06,51.89,55.67,476
02.T字線,09.-4~-2%,1.<5%,40.51,44.73,41.14,43.67,43.46,475
10.長下影線綠K,08.-2~0%,3.10~15%,38.19,38.19,42.62,44.3,44.73,475
12.長上影線綠K,12.-10~-8%,2.5~10%,50.43,56.9,58.62,61.21,63.15,464
12.長上影線綠K,04.4~6%,1.<5%,40.22,41.78,43.56,44.0,44.99,450
02.T字線,02.8~10%,2.5~10%,47.1,43.4,42.95,43.18,43.27,448
08.長上影線紅K,11.-8~-6%,2.5~10%,44.84,48.21,51.79,56.28,58.52,446
09.實體綠K(大陰線),13.<-10%,2.5~10%,50.69,53.21,53.44,54.36,54.36,436
04.十字線,10.-6~-4%,1.<5%,47.94,47.25,50.0,49.08,49.77,436
05.實體紅K(大陽線),11.-8~-6%,1.<5%,41.06,45.98,50.8,52.53,52.07,436
05.實體紅K(大陽線),01.>10%,4.>15%,43.88,36.72,34.87,36.72,36.03,433
09.實體綠K(大陰線),11.-8~-6%,4.>15%,53.85,49.88,49.88,46.84,47.54,429
01.一字線,04.4~6%,1.<5%,38.41,41.22,44.03,39.81,37.0,427
01.一字線,12.-10~-8%,1.<5%,34.36,34.44,45.24,48.69,52.51,423
10.長下影線綠K,09.-4~-2%,3.10~15%,52.49,52.73,55.48,56.43,53.81,421
01.一字線,10.-6~-4%,1.<5%,47.09,50.13,52.15,51.65,51.39,395
03.倒T字線,10.-6~-4%,1.<5%,55.58,57.61,55.58,52.54,53.55,394
09.實體綠K(大陰線),03.6~8%,1.<5%,32.19,36.94,37.47,36.41,35.88,379
12.長上影線綠K,10.-6~-4%,3.10~15%,53.74,52.94,49.73,51.08,52.15,376
07.紅K,04.4~6%,3.10~15%,40.22,40.22,39.4,38.42,38.69,368
05.實體紅K(大陽線),10.-6~-4%,2.5~10%,41.14,48.77,51.23,53.13,54.22,367
05.實體紅K(大陽線),06.0~2%,3.10~15%,38.25,44.38,45.48,50.14,50.14,366
11.綠K,10.-6~-4%,1.<5%,45.21,48.22,49.86,50.96,50.41,365
03.倒T字線,05.2~4%,1.<5%,45.4,42.9,43.3,44.41,44.97,359
08.長上影線紅K,03.6~8%,1.<5%,39.78,44.82,44.54,45.38,47.61,358
06.長下影線紅K,05.2~4%,3.10~15%,29.05,32.77,35.01,33.43,33.99,358
12.長上影線綠K,04.4~6%,2.5~10%,40.51,41.19,47.16,45.17,44.32,353
09.實體綠K(大陰線),13.<-10%,3.10~15%,51.01,45.8,48.12,51.01,51.59,346
10.長下影線綠K,06.0~2%,3.10~15%,37.39,38.84,40.29,41.16,41.74,345
09.實體綠K(大陰線),13.<-10%,1.<5%,67.64,72.01,74.64,75.8,76.09,343
11.綠K,05.2~4%,2.5~10%,38.24,41.76,38.53,36.76,37.06,340
06.長下影線紅K,04.4~6%,3.10~15%,34.43,34.43,34.23,36.04,35.74,334
10.長下影線綠K,05.2~4%,3.10~15%,30.31,35.0,37.19,40.31,41.56,320
06.長下影線紅K,03.6~8%,3.10~15%,47.63,46.06,40.69,43.04,40.95,317
08.長上影線紅K,12.-10~-8%,1.<5%,41.69,41.5,62.42,62.42,67.32,308
09.實體綠K(大陰線),10.-6~-4%,4.>15%,46.73,45.75,44.12,44.77,46.41,306
05.實體紅K(大陽線),02.8~10%,4.>15%,45.57,40.98,43.61,42.3,42.38,306
08.長上影線紅K,04.4~6%,3.10~15%,45.58,40.82,42.18,38.78,39.8,296
11.綠K,10.-6~-4%,3.10~15%,49.32,51.7,53.06,55.1,56.12,294
04.十字線,01.>10%,3.10~15%,46.6,42.52,40.82,39.8,41.84,294
11.綠K,09.-4~-2%,3.10~15%,47.6,47.6,47.26,47.08,50.52,292
06.長下影線紅K,10.-6~-4%,1.<5%,42.54,41.79,46.27,49.25,47.39,268
01.一字線,01.>10%,1.<5%,72.33,62.06,61.51,57.37,57.77,253
09.實體綠K(大陰線),13.<-10%,4.>15%,58.0,50.0,56.4,61.6,62.0,250
06.長下影線紅K,06.0~2%,3.10~15%,42.57,44.98,47.18,45.16,49.39,249
09.實體綠K(大陰線),06.0~2%,3.10~15%,34.96,39.84,37.4,34.55,39.02,248
12.長上影線綠K,11.-8~-6%,3.10~15%,40.16,38.11,52.87,56.97,57.38,244
12.長上影線綠K,06.0~2%,3.10~15%,41.6,45.8,42.02,44.12,41.6,238
07.紅K,09.-4~-2%,1.<5%,42.55,43.4,46.81,50.21,52.34,235
04.十字線,11.-8~-6%,2.5~10%,45.45,54.55,50.65,47.62,51.52,231
10.長下影線綠K,04.4~6%,3.10~15%,32.9,33.48,36.52,34.35,33.19,231
04.十字線,01.>10%,4.>15%,44.93,41.85,41.41,38.77,39.21,227
11.綠K,11.-8~-6%,2.5~10%,53.33,56.0,53.57,54.46,56.25,225
10.長下影線綠K,02.8~10%,1.<5%,26.94,32.42,36.53,34.86,39.17,220
04.十字線,02.8~10%,2.5~10%,42.73,45.0,42.73,43.18,43.64,220
10.長下影線綠K,11.-8~-6%,2.5~10%,47.73,53.18,50.91,50.45,56.36,220
11.綠K,07.0%,2.5~10%,37.09,43.66,39.44,39.91,38.97,213
08.長上影線紅K,08.-2~0%,3.10~15%,51.89,46.23,46.45,47.39,49.05,212
10.長下影線綠K,10.-6~-4%,3.10~15%,55.83,52.43,57.28,59.71,59.71,206
02.T字線,01.>10%,1.<5%,59.0,59.5,54.0,52.5,49.5,200
02.T字線,07.0%,2.5~10%,27.04,27.04,32.14,31.63,31.63,196
02.T字線,04.4~6%,2.5~10%,44.56,46.63,45.6,44.56,47.67,193
05.實體紅K(大陽線),12.-10~-8%,1.<5%,42.86,51.1,54.4,54.4,56.59,182
10.長下影線綠K,11.-8~-6%,1.<5%,36.46,36.46,39.78,42.54,41.44,181
08.長上影線紅K,09.-4~-2%,3.10~15%,45.09,47.4,51.74,52.91,52.91,174
10.長下影線綠K,02.8~10%,2.5~10%,32.14,32.14,32.34,31.74,34.13,170
09.實體綠K(大陰線),07.0%,3.10~15%,37.87,41.42,45.56,46.75,44.38,169
01.一字線,13.<-10%,1.<5%,28.48,30.91,35.15,41.21,46.06,165
02.T字線,01.>10%,3.10~15%,35.4,32.3,33.54,32.92,32.92,161
04.十字線,03.6~8%,1.<5%,36.71,37.97,40.51,37.97,41.77,158
03.倒T字線,06.0~2%,2.5~10%,45.86,47.77,49.04,47.77,45.86,157
11.綠K,08.-2~0%,3.10~15%,28.76,36.6,39.22,38.56,37.25,153
06.長下影線紅K,02.8~10%,3.10~15%,47.62,43.54,50.0,47.92,46.53,148
03.倒T字線,10.-6~-4%,2.5~10%,61.22,57.82,64.63,60.54,64.63,147
08.長上影線紅K,12.-10~-8%,2.5~10%,46.26,49.66,59.18,62.59,69.39,147
07.紅K,03.6~8%,3.10~15%,40.41,41.1,40.41,39.73,41.1,146
08.長上影線紅K,10.-6~-4%,3.10~15%,46.21,51.72,57.24,60.0,57.93,145
03.倒T字線,12.-10~-8%,2.5~10%,47.14,47.86,57.14,60.0,57.14,141
07.紅K,08.-2~0%,2.5~10%,34.75,41.84,47.52,47.52,44.68,141
06.長下影線紅K,01.>10%,1.<5%,52.14,48.57,52.52,48.2,47.48,140
03.倒T字線,07.0%,2.5~10%,50.36,52.52,53.96,51.8,51.08,139
05.實體紅K(大陽線),08.-2~0%,3.10~15%,46.38,44.2,48.55,44.93,48.91,138
02.T字線,03.6~8%,3.10~15%,55.07,50.0,47.1,50.0,48.55,138
07.紅K,05.2~4%,3.10~15%,37.5,36.76,31.62,34.56,37.5,136
10.長下影線綠K,07.0%,3.10~15%,28.57,34.59,36.84,40.6,36.09,133
09.實體綠K(大陰線),03.6~8%,2.5~10%,46.97,50.0,41.67,38.64,43.51,132
09.實體綠K(大陰線),02.8~10%,1.<5%,30.53,26.72,31.3,34.35,32.06,131
06.長下影線紅K,10.-6~-4%,2.5~10%,40.0,48.46,49.23,48.46,47.69,130
07.紅K,03.6~8%,1.<5%,37.21,39.53,40.31,40.62,42.97,129
04.十字線,02.8~10%,3.10~15%,46.09,44.53,47.66,45.31,45.31,128
02.T字線,08.-2~0%,2.5~10%,19.69,28.35,29.13,29.13,29.13,127
05.實體紅K(大陽線),07.0%,3.10~15%,38.1,45.24,48.41,51.59,49.21,126
11.綠K,04.4~6%,1.<5%,37.1,43.55,43.55,43.55,41.94,124
12.長上影線綠K,03.6~8%,1.<5%,28.46,32.52,34.15,36.89,36.07,124
02.T字線,01.>10%,2.5~10%,37.5,35.0,38.33,34.17,37.5,120
09.實體綠K(大陰線),09.-4~-2%,4.>15%,43.7,42.37,42.37,40.68,40.68,119
04.十字線,11.-8~-6%,1.<5%,47.46,43.22,47.01,53.85,53.85,118
02.T字線,10.-6~-4%,1.<5%,40.35,48.25,44.74,40.35,41.23,114
06.長下影線紅K,01.>10%,2.5~10%,45.54,46.43,48.21,45.54,46.85,112
11.綠K,04.4~6%,2.5~10%,46.36,43.64,43.12,47.71,43.12,110
03.倒T字線,09.-4~-2%,2.5~10%,59.63,56.88,61.47,63.3,64.22,109
11.綠K,11.-8~-6%,1.<5%,56.48,51.85,52.78,53.7,56.48,108
07.紅K,09.-4~-2%,2.5~10%,39.81,43.52,44.44,40.74,49.07,108
04.十字線,03.6~8%,3.10~15%,43.69,45.63,43.69,44.66,44.66,103
12.長上影線綠K,10.-6~-4%,4.>15%,41.75,40.78,40.78,43.69,44.66,103
09.實體綠K(大陰線),01.>10%,1.<5%,30.69,34.65,32.67,29.7,28.71,101
06.長下影線紅K,11.-8~-6%,1.<5%,42.57,43.56,40.59,41.58,46.53,101
05.實體紅K(大陽線),11.-8~-6%,2.5~10%,36.63,48.51,53.47,56.44,60.4,101
04.十字線,13.<-10%,4.>15%,56.12,53.06,66.33,63.27,65.31,98
02.T字線,06.0~2%,2.5~10%,31.18,29.03,36.56,33.33,41.94,93
10.長下影線綠K,03.6~8%,3.10~15%,45.65,47.83,42.39,38.04,35.87,92
08.長上影線紅K,07.0%,3.10~15%,51.72,47.13,51.72,45.98,43.68,87
04.十字線,01.>10%,2.5~10%,44.19,46.51,44.19,46.51,40.7,86
12.長上影線綠K,07.0%,3.10~15%,47.62,52.38,46.43,47.62,46.43,86
12.長上影線綠K,12.-10~-8%,3.10~15%,62.35,58.82,60.0,64.71,67.06,85
12.長上影線綠K,13.<-10%,1.<5%,52.94,62.35,65.88,68.24,69.05,85
07.紅K,02.8~10%,2.5~10%,46.43,50.0,40.48,38.1,39.76,84
03.倒T字線,11.-8~-6%,3.10~15%,34.52,34.52,51.19,55.95,54.76,84
04.十字線,11.-8~-6%,3.10~15%,46.99,48.19,51.81,55.42,56.63,83
02.T字線,05.2~4%,2.5~10%,35.37,39.02,41.46,37.8,41.46,82
05.實體紅K(大陽線),03.6~8%,4.>15%,33.33,29.63,27.16,24.69,27.16,81
09.實體綠K(大陰線),05.2~4%,3.10~15%,40.51,39.74,41.03,34.62,39.74,80
08.長上影線紅K,11.-8~-6%,3.10~15%,51.9,59.49,58.23,64.56,64.56,79
03.倒T字線,13.<-10%,1.<5%,32.05,32.05,57.69,61.54,65.38,78
05.實體紅K(大陽線),13.<-10%,1.<5%,66.23,79.22,80.52,77.92,75.32,77
03.倒T字線,08.-2~0%,2.5~10%,58.44,58.44,54.55,54.55,55.84,77
04.十字線,05.2~4%,3.10~15%,44.16,48.05,50.65,46.75,49.35,77
07.紅K,10.-6~-4%,1.<5%,47.95,46.58,42.47,52.05,50.68,73
04.十字線,06.0~2%,3.10~15%,42.47,43.84,42.47,46.58,45.21,73
11.綠K,11.-8~-6%,3.10~15%,55.71,60.0,54.29,48.57,57.14,70
03.倒T字線,04.4~6%,1.<5%,44.93,46.38,47.83,47.83,56.52,69
07.紅K,07.0%,2.5~10%,34.78,36.23,42.03,46.38,46.38,69
04.十字線,12.-10~-8%,3.10~15%,46.38,52.17,60.87,65.22,63.77,69
10.長下影線綠K,12.-10~-8%,1.<5%,52.94,51.47,54.41,60.29,57.35,68
08.長上影線紅K,01.>10%,1.<5%,28.36,29.85,37.31,38.81,40.3,67
11.綠K,12.-10~-8%,2.5~10%,46.97,65.15,48.48,50.0,51.52,66
11.綠K,03.6~8%,2.5~10%,29.69,48.44,48.44,50.0,54.69,64
08.長上影線紅K,02.8~10%,1.<5%,29.69,34.38,45.31,48.44,45.31,64
08.長上影線紅K,01.>10%,2.5~10%,26.98,30.16,30.16,31.75,31.75,63
12.長上影線綠K,13.<-10%,2.5~10%,46.03,53.97,71.43,65.08,55.56,63
04.十字線,10.-6~-4%,3.10~15%,54.84,54.84,53.23,51.61,54.84,62
04.十字線,04.4~6%,3.10~15%,40.98,44.26,45.9,40.98,45.9,61
10.長下影線綠K,01.>10%,1.<5%,34.43,32.79,42.62,39.34,31.15,61
12.長上影線綠K,09.-4~-2%,4.>15%,38.33,40.0,45.0,48.33,53.33,60
05.實體紅K(大陽線),13.<-10%,2.5~10%,49.15,55.93,50.85,52.54,52.54,59
02.T字線,01.>10%,4.>15%,39.66,29.31,37.93,37.93,32.76,58
04.十字線,08.-2~0%,3.10~15%,39.29,33.93,32.14,32.14,32.14,56
06.長下影線紅K,08.-2~0%,3.10~15%,48.21,37.5,42.86,46.43,43.64,56
09.實體綠K(大陰線),08.-2~0%,4.>15%,25.45,36.36,38.18,38.18,47.27,55
10.長下影線綠K,01.>10%,2.5~10%,32.73,30.91,34.55,30.91,40.0,55
05.實體紅K(大陽線),09.-4~-2%,3.10~15%,40.0,41.82,45.45,50.91,49.09,55
04.十字線,12.-10~-8%,2.5~10%,46.3,48.15,55.56,50.0,53.7,54
07.紅K,10.-6~-4%,2.5~10%,41.51,45.28,43.4,50.94,56.6,53
04.十字線,09.-4~-2%,3.10~15%,45.28,32.08,35.85,41.51,47.17,53
12.長上影線綠K,03.6~8%,2.5~10%,41.18,41.18,43.14,45.1,43.14,52
11.綠K,12.-10~-8%,1.<5%,57.69,48.08,55.77,53.85,57.69,52
08.長上影線紅K,13.<-10%,1.<5%,78.85,86.54,90.38,94.23,94.23,52
12.長上影線綠K,11.-8~-6%,4.>15%,44.0,52.0,55.1,51.02,42.86,50
12.長上影線綠K,12.-10~-8%,4.>15%,46.0,42.0,48.0,48.0,48.0,50
04.十字線,12.-10~-8%,1.<5%,40.82,46.94,57.14,59.18,67.35,49
04.十字線,13.<-10%,3.10~15%,43.75,54.17,58.33,56.25,60.42,48
05.實體紅K(大陽線),04.4~6%,4.>15%,37.5,43.75,41.67,53.19,57.45,48
11.綠K,03.6~8%,1.<5%,46.81,51.06,48.94,44.68,48.94,47
11.綠K,10.-6~-4%,4.>15%,38.3,42.55,46.81,44.68,46.81,47
04.十字線,07.0%,3.10~15%,36.96,40.0,33.33,40.0,35.56,46
11.綠K,06.0~2%,3.10~15%,35.56,61.36,45.45,43.18,45.45,45
12.長上影線綠K,02.8~10%,1.<5%,33.33,31.11,40.0,37.78,40.0,45
07.紅K,02.8~10%,1.<5%,32.5,30.0,35.0,32.5,30.0,40
10.長下影線綠K,13.<-10%,1.<5%,72.5,82.5,77.5,82.5,80.0,40
08.長上影線紅K,02.8~10%,2.5~10%,37.5,37.5,42.5,42.5,47.5,40
12.長上影線綠K,01.>10%,1.<5%,26.32,39.47,34.21,31.58,31.58,38
07.紅K,11.-8~-6%,1.<5%,37.84,56.76,51.35,54.05,51.35,37
09.實體綠K(大陰線),02.8~10%,2.5~10%,30.56,30.56,36.11,33.33,41.67,36
12.長上影線綠K,05.2~4%,3.10~15%,50.0,41.67,50.0,38.89,41.67,36
06.長下影線紅K,04.4~6%,4.>15%,41.67,41.67,41.67,38.89,44.44,36
08.長上影線紅K,03.6~8%,3.10~15%,38.89,22.22,22.22,30.56,33.33,36
12.長上影線綠K,02.8~10%,2.5~10%,25.0,30.56,33.33,27.78,25.0,36
09.實體綠K(大陰線),01.>10%,2.5~10%,34.29,40.0,31.43,31.43,31.43,35
06.長下影線紅K,02.8~10%,4.>15%,50.0,38.24,26.47,24.24,39.39,34
04.十字線,01.>10%,1.<5%,29.41,26.47,29.41,32.35,35.29,34
10.長下影線綠K,05.2~4%,4.>15%,12.12,30.3,27.27,33.33,36.36,33
02.T字線,11.-8~-6%,1.<5%,48.48,36.36,45.45,36.36,42.42,33
05.實體紅K(大陽線),06.0~2%,4.>15%,21.21,21.21,27.27,27.27,33.33,33
06.長下影線紅K,05.2~4%,4.>15%,31.25,31.25,46.88,46.88,43.75,32
03.倒T字線,05.2~4%,2.5~10%,25.0,29.03,38.71,41.94,41.94,32
07.紅K,01.>10%,2.5~10%,41.94,45.16,35.48,35.48,41.94,31
07.紅K,06.0~2%,3.10~15%,32.26,38.71,29.03,38.71,36.67,31
06.長下影線紅K,01.>10%,3.10~15%,61.29,48.39,48.39,48.39,35.48,31
04.十字線,02.8~10%,1.<5%,36.67,26.67,23.33,26.67,33.33,31
05.實體紅K(大陽線),05.2~4%,4.>15%,32.26,41.94,41.94,48.39,51.61,31
10.長下影線綠K,02.8~10%,3.10~15%,41.94,38.71,45.16,41.94,38.71,31
07.紅K,11.-8~-6%,2.5~10%,56.67,46.67,53.33,50.0,53.33,30
10.長下影線綠K,06.0~2%,4.>15%,13.33,23.33,26.67,40.0,23.33,30
06.長下影線紅K,07.0%,3.10~15%,23.33,33.33,43.33,36.67,33.33,30
06.長下影線紅K,03.6~8%,4.>15%,37.93,37.93,44.83,44.83,37.93,29
07.紅K,02.8~10%,3.10~15%,37.93,27.59,27.59,27.59,27.59,29
06.長下影線紅K,01.>10%,4.>15%,44.83,37.93,31.03,34.48,48.28,29
02.T字線,02.8~10%,3.10~15%,65.52,48.28,48.28,41.38,34.48,29
08.長上影線紅K,13.<-10%,2.5~10%,35.71,46.43,50.0,64.29,50.0,28
11.綠K,11.-8~-6%,4.>15%,33.33,44.44,37.04,37.04,37.04,27
10.長下影線綠K,08.-2~0%,4.>15%,40.74,37.04,44.44,62.96,51.85,27
03.倒T字線,12.-10~-8%,3.10~15%,46.15,57.69,50.0,50.0,53.85,26
06.長下影線紅K,12.-10~-8%,1.<5%,60.0,60.0,64.0,68.0,80.0,25
06.長下影線紅K,11.-8~-6%,2.5~10%,32.0,44.0,36.0,40.0,32.0,25
10.長下影線綠K,04.4~6%,4.>15%,4.17,8.33,20.83,20.83,12.5,24
10.長下影線綠K,09.-4~-2%,4.>15%,37.5,50.0,50.0,37.5,45.83,24
10.長下影線綠K,13.<-10%,2.5~10%,50.0,50.0,45.83,37.5,50.0,24
11.綠K,09.-4~-2%,4.>15%,52.17,43.48,52.17,56.52,56.52,23
04.十字線,12.-10~-8%,4.>15%,47.83,39.13,52.17,60.87,65.22,23
05.實體紅K(大陽線),12.-10~-8%,2.5~10%,30.43,43.48,39.13,56.52,60.87,23
05.實體紅K(大陽線),10.-6~-4%,3.10~15%,27.27,36.36,45.45,45.45,45.45,22
03.倒T字線,13.<-10%,3.10~15%,59.09,54.55,54.55,50.0,50.0,22
03.倒T字線,13.<-10%,2.5~10%,31.82,18.18,36.36,36.36,50.0,22
08.長上影線紅K,06.0~2%,4.>15%,38.1,47.62,52.38,47.62,47.62,21
12.長上影線綠K,13.<-10%,4.>15%,52.38,47.62,42.86,38.1,33.33,21
11.綠K,07.0%,3.10~15%,38.1,47.62,38.1,38.1,33.33,21
12.長上影線綠K,08.-2~0%,4.>15%,42.86,52.38,52.38,61.9,61.9,21
10.長下影線綠K,12.-10~-8%,2.5~10%,42.86,33.33,33.33,38.1,47.62,21
08.長上影線紅K,05.2~4%,4.>15%,47.62,42.86,38.1,28.57,42.86,21
10.長下影線綠K,01.>10%,3.10~15%,33.33,28.57,19.05,38.1,33.33,21
08.長上影線紅K,01.>10%,4.>15%,45.0,55.0,55.0,50.0,30.0,20
06.長下影線紅K,13.<-10%,1.<5%,75.0,80.0,70.0,70.0,70.0,20
04.十字線,02.8~10%,4.>15%,45.0,50.0,50.0,45.0,35.0,20
10.長下影線綠K,11.-8~-6%,4.>15%,47.37,47.37,47.37,47.37,52.63,19
10.長下影線綠K,03.6~8%,4.>15%,10.53,21.05,21.05,21.05,15.79,19
06.長下影線紅K,06.0~2%,4.>15%,33.33,50.0,44.44,50.0,44.44,18
10.長下影線綠K,10.-6~-4%,4.>15%,33.33,44.44,33.33,44.44,50.0,18
09.實體綠K(大陰線),06.0~2%,4.>15%,27.78,27.78,61.11,50.0,38.89,18
05.實體紅K(大陽線),08.-2~0%,4.>15%,11.76,11.76,29.41,29.41,35.29,17
02.T字線,09.-4~-2%,2.5~10%,41.18,52.94,64.71,58.82,52.94,17
04.十字線,13.<-10%,1.<5%,64.71,76.47,82.35,76.47,82.35,17
11.綠K,13.<-10%,2.5~10%,58.82,64.71,70.59,70.59,64.71,17
08.長上影線紅K,12.-10~-8%,3.10~15%,47.06,64.71,64.71,76.47,76.47,17
04.十字線,13.<-10%,2.5~10%,47.06,52.94,52.94,47.06,52.94,17
04.十字線,08.-2~0%,4.>15%,50.0,43.75,56.25,68.75,56.25,16
08.長上影線紅K,08.-2~0%,4.>15%,25.0,31.25,31.25,25.0,31.25,16
08.長上影線紅K,09.-4~-2%,4.>15%,43.75,37.5,43.75,43.75,31.25,16
02.T字線,02.8~10%,4.>15%,37.5,43.75,37.5,43.75,31.25,16
06.長下影線紅K,09.-4~-2%,3.10~15%,62.5,43.75,50.0,50.0,43.75,16
10.長下影線綠K,11.-8~-6%,3.10~15%,40.0,53.33,53.33,60.0,46.67,15
12.長上影線綠K,01.>10%,2.5~10%,33.33,53.33,40.0,40.0,40.0,15
03.倒T字線,03.6~8%,1.<5%,53.33,53.33,46.67,46.67,46.67,15
05.實體紅K(大陽線),07.0%,4.>15%,14.29,28.57,21.43,21.43,14.29,14
07.紅K,01.>10%,1.<5%,21.43,28.57,57.14,35.71,57.14,14
10.長下影線綠K,13.<-10%,4.>15%,50.0,28.57,35.71,50.0,42.86,14
02.T字線,12.-10~-8%,1.<5%,30.77,38.46,38.46,30.77,30.77,13
03.倒T字線,10.-6~-4%,3.10~15%,53.85,53.85,53.85,53.85,53.85,13
09.實體綠K(大陰線),07.0%,4.>15%,38.46,46.15,38.46,38.46,46.15,13
11.綠K,13.<-10%,1.<5%,92.31,84.62,84.62,92.31,92.31,13
04.十字線,11.-8~-6%,4.>15%,30.77,53.85,38.46,53.85,46.15,13
03.倒T字線,12.-10~-8%,4.>15%,41.67,50.0,41.67,50.0,66.67,12
07.紅K,08.-2~0%,3.10~15%,50.0,58.33,50.0,50.0,41.67,12
08.長上影線紅K,02.8~10%,3.10~15%,50.0,50.0,58.33,58.33,58.33,12
11.綠K,02.8~10%,2.5~10%,41.67,41.67,41.67,41.67,75.0,12
04.十字線,10.-6~-4%,4.>15%,58.33,58.33,58.33,58.33,58.33,12
11.綠K,12.-10~-8%,3.10~15%,58.33,58.33,58.33,75.0,66.67,12
07.紅K,12.-10~-8%,1.<5%,41.67,66.67,75.0,66.67,66.67,12
10.長下影線綠K,02.8~10%,4.>15%,25.0,8.33,16.67,16.67,16.67,12
08.長上影線紅K,01.>10%,3.10~15%,27.27,36.36,54.55,54.55,45.45,11
03.倒T字線,02.8~10%,1.<5%,27.27,18.18,27.27,36.36,54.55,11
08.長上影線紅K,02.8~10%,4.>15%,18.18,18.18,36.36,27.27,27.27,11
08.長上影線紅K,03.6~8%,4.>15%,45.45,45.45,54.55,54.55,36.36,11
08.長上影線紅K,11.-8~-6%,4.>15%,54.55,45.45,54.55,63.64,63.64,11
04.十字線,03.6~8%,4.>15%,36.36,18.18,27.27,27.27,27.27,11
03.倒T字線,13.<-10%,4.>15%,63.64,72.73,63.64,81.82,63.64,11
06.長下影線紅K,10.-6~-4%,3.10~15%,45.45,36.36,36.36,54.55,27.27,11
11.綠K,05.2~4%,3.10~15%,36.36,50.0,60.0,50.0,40.0,11
07.紅K,07.0%,3.10~15%,36.36,36.36,27.27,36.36,36.36,11
04.十字線,06.0~2%,4.>15%,36.36,45.45,54.55,45.45,54.55,11
11.綠K,01.>10%,1.<5%,45.45,45.45,45.45,54.55,54.55,11
08.長上影線紅K,10.-6~-4%,4.>15%,81.82,90.91,72.73,81.82,72.73,11
07.紅K,03.6~8%,4.>15%,30.0,40.0,40.0,40.0,50.0,10
11.綠K,01.>10%,2.5~10%,20.0,30.0,40.0,40.0,40.0,10
11.綠K,02.8~10%,1.<5%,50.0,40.0,50.0,50.0,60.0,10
11.綠K,13.<-10%,4.>15%,50.0,70.0,60.0,60.0,60.0,10
05.實體紅K(大陽線),09.-4~-2%,4.>15%,50.0,40.0,60.0,50.0,50.0,10
11.綠K,12.-10~-8%,4.>15%,60.0,50.0,70.0,50.0,60.0,10
08.長上影線紅K,04.4~6%,4.>15%,50.0,30.0,20.0,30.0,40.0,10
06.長下影線紅K,12.-10~-8%,2.5~10%,33.33,33.33,33.33,33.33,33.33,9
12.長上影線綠K,13.<-10%,3.10~15%,11.11,11.11,11.11,11.11,11.11,9
05.實體紅K(大陽線),13.<-10%,3.10~15%,22.22,11.11,11.11,22.22,22.22,9
03.倒T字線,01.>10%,1.<5%,55.56,55.56,66.67,55.56,55.56,9
11.綠K,08.-2~0%,4.>15%,11.11,22.22,22.22,11.11,11.11,9
07.紅K,01.>10%,3.10~15%,22.22,22.22,22.22,44.44,55.56,9
04.十字線,05.2~4%,4.>15%,37.5,37.5,50.0,25.0,25.0,8
08.長上影線紅K,07.0%,4.>15%,62.5,50.0,75.0,87.5,75.0,8
06.長下影線紅K,13.<-10%,2.5~10%,50.0,62.5,37.5,37.5,50.0,8
10.長下影線綠K,07.0%,4.>15%,37.5,25.0,12.5,50.0,25.0,8
10.長下影線綠K,13.<-10%,3.10~15%,50.0,50.0,62.5,62.5,50.0,8
05.實體紅K(大陽線),12.-10~-8%,3.10~15%,25.0,12.5,25.0,25.0,25.0,8
03.倒T字線,09.-4~-2%,3.10~15%,62.5,50.0,50.0,50.0,50.0,8
10.長下影線綠K,12.-10~-8%,4.>15%,14.29,14.29,28.57,28.57,14.29,7
05.實體紅K(大陽線),10.-6~-4%,4.>15%,14.29,28.57,14.29,28.57,28.57,7
07.紅K,05.2~4%,4.>15%,42.86,42.86,42.86,28.57,42.86,7
09.實體綠K(大陰線),04.4~6%,3.10~15%,57.14,57.14,57.14,42.86,42.86,7
02.T字線,13.<-10%,1.<5%,71.43,28.57,57.14,42.86,42.86,7
05.實體紅K(大陽線),11.-8~-6%,3.10~15%,42.86,28.57,42.86,42.86,42.86,7
09.實體綠K(大陰線),01.>10%,3.10~15%,28.57,42.86,28.57,14.29,28.57,7
04.十字線,04.4~6%,4.>15%,42.86,57.14,42.86,28.57,28.57,7
05.實體紅K(大陽線),13.<-10%,4.>15%,33.33,50.0,50.0,16.67,16.67,6
07.紅K,10.-6~-4%,3.10~15%,66.67,50.0,50.0,50.0,33.33,6
07.紅K,11.-8~-6%,3.10~15%,50.0,50.0,33.33,33.33,33.33,6
12.長上影線綠K,03.6~8%,3.10~15%,16.67,16.67,50.0,33.33,33.33,6
12.長上影線綠K,04.4~6%,3.10~15%,66.67,50.0,66.67,50.0,50.0,6
02.T字線,06.0~2%,3.10~15%,33.33,33.33,66.67,66.67,50.0,6
08.長上影線紅K,13.<-10%,4.>15%,83.33,83.33,83.33,100.0,66.67,6
12.長上影線綠K,06.0~2%,4.>15%,50.0,50.0,50.0,66.67,66.67,6
03.倒T字線,08.-2~0%,3.10~15%,83.33,66.67,66.67,83.33,66.67,6
08.長上影線紅K,13.<-10%,3.10~15%,0.0,33.33,0.0,0.0,33.33,6
02.T字線,04.4~6%,3.10~15%,33.33,33.33,33.33,16.67,33.33,6
07.紅K,01.>10%,4.>15%,66.67,50.0,50.0,66.67,66.67,6
06.長下影線紅K,08.-2~0%,4.>15%,50.0,33.33,50.0,33.33,50.0,6
07.紅K,13.<-10%,4.>15%,33.33,50.0,16.67,16.67,33.33,6
07.紅K,13.<-10%,3.10~15%,66.67,66.67,66.67,66.67,66.67,6
07.紅K,04.4~6%,4.>15%,33.33,50.0,33.33,33.33,33.33,6
04.十字線,09.-4~-2%,4.>15%,66.67,50.0,33.33,50.0,50.0,6
09.實體綠K(大陰線),02.8~10%,3.10~15%,20.0,20.0,0.0,0.0,0.0,5
05.實體紅K(大陽線),11.-8~-6%,4.>15%,40.0,20.0,40.0,20.0,20.0,5
12.長上影線綠K,01.>10%,3.10~15%,0.0,40.0,40.0,20.0,60.0,5
09.實體綠K(大陰線),04.4~6%,4.>15%,20.0,40.0,0.0,0.0,20.0,5
03.倒T字線,11.-8~-6%,4.>15%,40.0,40.0,40.0,40.0,40.0,5
02.T字線,08.-2~0%,3.10~15%,40.0,20.0,0.0,0.0,40.0,5
09.實體綠K(大陰線),03.6~8%,3.10~15%,40.0,40.0,40.0,40.0,40.0,5
07.紅K,13.<-10%,1.<5%,100.0,100.0,80.0,60.0,100.0,5
06.長下影線紅K,13.<-10%,4.>15%,40.0,40.0,60.0,20.0,25.0,5
07.紅K,02.8~10%,4.>15%,60.0,80.0,100.0,60.0,60.0,5
06.長下影線紅K,13.<-10%,3.10~15%,20.0,20.0,20.0,20.0,20.0,5
09.實體綠K(大陰線),01.>10%,4.>15%,50.0,75.0,75.0,75.0,75.0,4
09.實體綠K(大陰線),05.2~4%,4.>15%,50.0,50.0,50.0,50.0,25.0,4
11.綠K,13.<-10%,3.10~15%,25.0,50.0,75.0,75.0,75.0,4
07.紅K,07.0%,4.>15%,25.0,0.0,25.0,25.0,25.0,4
12.長上影線綠K,01.>10%,4.>15%,25.0,0.0,25.0,0.0,25.0,4
03.倒T字線,04.4~6%,2.5~10%,25.0,25.0,50.0,25.0,25.0,4
10.長下影線綠K,01.>10%,4.>15%,75.0,50.0,50.0,50.0,75.0,4
07.紅K,09.-4~-2%,3.10~15%,25.0,25.0,25.0,50.0,50.0,4
02.T字線,10.-6~-4%,2.5~10%,0.0,0.0,0.0,0.0,0.0,3
08.長上影線紅K,12.-10~-8%,4.>15%,66.67,100.0,100.0,100.0,100.0,3
06.長下影線紅K,11.-8~-6%,3.10~15%,66.67,33.33,33.33,33.33,66.67,3
11.綠K,04.4~6%,3.10~15%,66.67,66.67,0.0,0.0,33.33,3
11.綠K,06.0~2%,4.>15%,66.67,66.67,66.67,66.67,66.67,3
07.紅K,12.-10~-8%,2.5~10%,66.67,100.0,100.0,100.0,100.0,3
10.長下影線綠K,12.-10~-8%,3.10~15%,0.0,0.0,0.0,0.0,0.0,3
07.紅K,13.<-10%,2.5~10%,66.67,66.67,66.67,66.67,66.67,3
07.紅K,06.0~2%,4.>15%,50.0,0.0,0.0,50.0,100.0,2
06.長下影線紅K,12.-10~-8%,3.10~15%,50.0,0.0,0.0,50.0,50.0,2
02.T字線,09.-4~-2%,4.>15%,0.0,0.0,0.0,0.0,0.0,2
09.實體綠K(大陰線),03.6~8%,4.>15%,50.0,0.0,0.0,0.0,0.0,2
09.實體綠K(大陰線),02.8~10%,4.>15%,50.0,50.0,0.0,50.0,50.0,2
03.倒T字線,03.6~8%,2.5~10%,50.0,50.0,50.0,50.0,50.0,2
04.十字線,07.0%,4.>15%,0.0,50.0,50.0,50.0,0.0,2
12.長上影線綠K,03.6~8%,4.>15%,100.0,50.0,50.0,0.0,0.0,2
06.長下影線紅K,10.-6~-4%,4.>15%,100.0,100.0,50.0,100.0,50.0,2
11.綠K,01.>10%,3.10~15%,0.0,0.0,0.0,0.0,0.0,2
07.紅K,12.-10~-8%,3.10~15%,0.0,0.0,0.0,0.0,0.0,2
02.T字線,07.0%,3.10~15%,0.0,0.0,0.0,0.0,0.0,2
07.紅K,09.-4~-2%,4.>15%,50.0,100.0,100.0,50.0,50.0,2
11.綠K,03.6~8%,3.10~15%,50.0,50.0,50.0,50.0,50.0,2
02.T字線,03.6~8%,4.>15%,100.0,100.0,100.0,100.0,100.0,1
03.倒T字線,07.0%,3.10~15%,0.0,100.0,100.0,100.0,100.0,1
02.T字線,04.4~6%,4.>15%,0.0,100.0,100.0,100.0,100.0,1
02.T字線,05.2~4%,3.10~15%,0.0,0.0,100.0,0.0,0.0,1
03.倒T字線,09.-4~-2%,4.>15%,100.0,0.0,0.0,0.0,0.0,1
07.紅K,08.-2~0%,4.>15%,100.0,0.0,100.0,100.0,100.0,1
07.紅K,11.-8~-6%,4.>15%,0.0,0.0,100.0,100.0,100.0,1
03.倒T字線,02.8~10%,2.5~10%,0.0,100.0,0.0,0.0,0.0,1
02.T字線,11.-8~-6%,2.5~10%,0.0,0.0,0.0,0.0,0.0,1
02.T字線,10.-6~-4%,3.10~15%,100.0,100.0,100.0,100.0,100.0,1
03.倒T字線,04.4~6%,3.10~15%,0.0,100.0,0.0,0.0,0.0,1
11.綠K,03.6~8%,4.>15%,0.0,0.0,0.0,0.0,0.0,1
06.長下影線紅K,09.-4~-2%,4.>15%,0.0,0.0,0.0,0.0,0.0,1
02.T字線,08.-2~0%,4.>15%,0.0,0.0,0.0,0.0,0.0,1
02.T字線,06.0~2%,4.>15%,0.0,0.0,0.0,0.0,0.0,1
02.T字線,07.0%,4.>15%,100.0,100.0,0.0,0.0,100.0,1
06.長下影線紅K,12.-10~-8%,4.>15%,100.0,100.0,100.0,100.0,100.0,1
06.長下影線紅K,07.0%,4.>15%,0.0,0.0,0.0,0.0,0.0,1
05.實體紅K(大陽線),12.-10~-8%,4.>15%,0.0,0.0,0.0,0.0,0.0,1
12.長上影線綠K,04.4~6%,4.>15%,0.0,0.0,0.0,0.0,0.0,1
