K線型態,漲跌幅等級,振幅等級,出現次數,T+1勝率(%),T+2勝率(%),T+3勝率(%),T+4勝率(%),T+5勝率(%)
9.實體綠K(大陰線),08.-2~0%,1.<5%,452045,46.52,49.08,49.81,50.0,50.22
5.實體紅K(大陽線),06.0~2%,1.<5%,310340,41.05,43.74,45.11,45.81,46.6
8.長上影線紅K,06.0~2%,1.<5%,225566,46.18,47.49,47.94,48.26,48.62
5.實體紅K(大陽線),05.2~4%,1.<5%,202897,40.8,43.05,44.04,44.54,45.21
9.實體綠K(大陰線),09.-4~-2%,1.<5%,189210,48.1,49.46,49.68,50.17,50.5
10.長下影線綠K,08.-2~0%,1.<5%,138728,38.7,42.11,43.87,45.0,45.6
12.長上影線綠K,08.-2~0%,1.<5%,138366,46.96,49.07,49.36,49.59,49.78
6.長下影線紅K,06.0~2%,1.<5%,125694,40.04,42.57,43.83,44.66,45.37
5.實體紅K(大陽線),03.6~8%,2.5~10%,87605,50.2,48.34,48.13,47.43,47.2
12.長上影線綠K,06.0~2%,1.<5%,73907,46.81,48.38,48.59,48.6,48.78
4.十字線,06.0~2%,1.<5%,71842,45.13,47.5,48.26,48.82,49.31
5.實體紅K(大陽線),04.4~6%,2.5~10%,68807,38.28,39.51,40.53,40.89,41.08
9.實體綠K(大陰線),06.0~2%,1.<5%,62110,45.97,48.72,49.31,49.66,49.68
10.長下影線綠K,06.0~2%,1.<5%,61712,41.46,44.21,45.3,46.18,46.89
9.實體綠K(大陰線),10.-6~-4%,2.5~10%,57521,52.17,53.46,53.21,53.7,53.72
4.十字線,07.0%,1.<5%,53189,41.37,45.26,46.4,47.03,47.67
11.一般綠K(紡錘線),08.-2~0%,1.<5%,48711,44.96,47.76,48.69,48.92,49.01
7.一般紅K(紡錘線),06.0~2%,1.<5%,48597,42.92,44.75,45.9,46.91,47.75
5.實體紅K(大陽線),04.4~6%,1.<5%,47648,39.91,42.69,43.45,44.0,44.69
5.實體紅K(大陽線),08.-2~0%,1.<5%,45188,37.85,41.64,42.96,43.49,44.31
9.實體綠K(大陰線),09.-4~-2%,2.5~10%,44934,49.67,51.41,51.41,51.52,51.5
9.實體綠K(大陰線),07.0%,1.<5%,44049,45.05,48.55,49.79,50.32,50.26
4.十字線,08.-2~0%,1.<5%,43870,42.22,44.44,46.0,46.55,47.35
8.長上影線紅K,05.2~4%,1.<5%,41198,42.48,43.99,45.11,45.38,45.83
5.實體紅K(大陽線),02.8~10%,2.5~10%,40308,50.53,47.39,47.73,46.11,45.36
8.長上影線紅K,08.-2~0%,1.<5%,37831,48.71,49.93,50.17,50.18,50.23
9.實體綠K(大陰線),11.-8~-6%,2.5~10%,37169,45.35,49.39,49.51,51.01,52.13
12.長上影線綠K,07.0%,1.<5%,33596,46.37,48.43,48.93,49.17,49.42
5.實體紅K(大陽線),05.2~4%,2.5~10%,33107,38.35,39.68,40.48,41.28,41.97
5.實體紅K(大陽線),07.0%,1.<5%,32806,33.05,38.18,39.76,41.15,42.03
8.長上影線紅K,05.2~4%,2.5~10%,30556,41.6,42.14,42.2,42.61,42.6
10.長下影線綠K,07.0%,1.<5%,29102,37.76,41.5,43.46,44.54,45.27
6.長下影線紅K,08.-2~0%,1.<5%,28830,36.85,39.8,41.2,42.22,43.36
9.實體綠K(大陰線),10.-6~-4%,1.<5%,25576,50.97,51.3,50.21,51.06,51.26
2.T字線,07.0%,1.<5%,22234,29.37,34.58,37.53,39.76,41.16
5.實體紅K(大陽線),03.6~8%,1.<5%,21880,54.68,53.84,53.62,52.59,52.55
8.長上影線紅K,06.0~2%,2.5~10%,21719,43.92,43.96,43.97,44.11,44.69
1.一字線,07.0%,1.<5%,21425,29.26,35.26,37.72,38.9,40.39
7.一般紅K(紡錘線),05.2~4%,1.<5%,19540,41.09,43.33,44.89,44.84,45.42
6.長下影線紅K,05.2~4%,1.<5%,19261,41.55,44.19,45.21,45.38,46.07
2.T字線,06.0~2%,1.<5%,19210,34.77,39.54,41.76,43.08,44.0
8.長上影線紅K,07.0%,1.<5%,19032,45.24,47.81,49.03,48.81,49.49
6.長下影線紅K,07.0%,1.<5%,18381,33.21,37.78,39.43,40.74,42.2
3.倒T字線,07.0%,1.<5%,17514,47.5,50.25,50.98,51.47,51.82
3.倒T字線,08.-2~0%,1.<5%,15161,49.71,49.83,50.7,50.72,50.95
12.長上影線綠K,08.-2~0%,2.5~10%,14047,43.89,45.63,45.75,45.98,45.79
12.長上影線綠K,09.-4~-2%,1.<5%,13554,48.96,50.04,49.92,50.03,50.28
10.長下影線綠K,08.-2~0%,2.5~10%,12914,37.2,39.83,41.79,42.29,42.63
11.一般綠K(紡錘線),06.0~2%,1.<5%,12827,47.99,49.04,49.8,49.63,50.05
9.實體綠K(大陰線),08.-2~0%,2.5~10%,12647,44.63,46.29,46.75,46.4,46.1
10.長下影線綠K,09.-4~-2%,1.<5%,12026,42.69,44.48,45.21,46.59,47.1
2.T字線,08.-2~0%,1.<5%,11400,33.09,37.64,39.34,40.68,41.42
3.倒T字線,06.0~2%,1.<5%,11128,48.84,51.2,51.34,51.43,52.24
1.一字線,08.-2~0%,1.<5%,11014,39.09,43.15,44.29,44.58,44.73
12.長上影線綠K,06.0~2%,2.5~10%,10143,43.18,44.34,44.15,43.98,43.87
10.長下影線綠K,09.-4~-2%,2.5~10%,10069,39.78,43.5,45.3,46.29,46.16
1.一字線,06.0~2%,1.<5%,9451,36.22,39.98,41.79,42.38,43.01
5.實體紅K(大陽線),06.0~2%,2.5~10%,8915,39.06,41.29,42.72,43.2,43.8
7.一般紅K(紡錘線),05.2~4%,2.5~10%,8566,39.4,40.62,41.73,41.86,41.49
9.實體綠K(大陰線),12.-10~-8%,2.5~10%,8026,52.85,55.23,54.17,57.2,60.06
1.一字線,03.6~8%,1.<5%,7772,72.71,64.98,64.55,61.89,60.22
8.長上影線紅K,04.4~6%,2.5~10%,7744,42.2,42.76,43.43,42.82,42.74
6.長下影線紅K,06.0~2%,2.5~10%,7609,36.73,39.11,40.45,40.82,41.62
4.十字線,05.2~4%,1.<5%,7216,43.64,45.94,45.73,46.51,47.6
11.一般綠K(紡錘線),09.-4~-2%,1.<5%,7208,47.15,48.33,48.23,49.15,49.75
9.實體綠K(大陰線),05.2~4%,1.<5%,7098,39.07,41.64,42.31,43.27,44.18
6.長下影線紅K,05.2~4%,2.5~10%,7011,38.77,39.59,40.41,40.96,42.44
9.實體綠K(大陰線),06.0~2%,2.5~10%,6937,40.38,42.33,41.76,42.63,42.19
5.實體紅K(大陽線),09.-4~-2%,1.<5%,6868,45.2,45.86,48.65,47.73,48.39
9.實體綠K(大陰線),11.-8~-6%,3.10~15%,6842,49.67,51.58,53.93,55.69,54.07
11.一般綠K(紡錘線),07.0%,1.<5%,6819,44.51,47.4,49.0,49.6,50.18
5.實體紅K(大陽線),08.-2~0%,2.5~10%,6798,36.66,40.83,43.3,43.97,44.49
10.長下影線綠K,05.2~4%,1.<5%,6781,40.58,43.83,44.27,45.03,45.16
9.實體綠K(大陰線),11.-8~-6%,1.<5%,6668,43.39,45.49,48.2,49.55,49.45
12.長上影線綠K,09.-4~-2%,2.5~10%,6634,48.82,50.21,49.92,49.65,49.83
9.實體綠K(大陰線),12.-10~-8%,3.10~15%,6358,54.93,54.6,53.84,56.76,57.24
8.長上影線紅K,09.-4~-2%,1.<5%,6106,52.1,52.5,53.18,52.55,52.09
7.一般紅K(紡錘線),08.-2~0%,1.<5%,6032,40.1,43.04,44.28,45.12,45.5
12.長上影線綠K,05.2~4%,1.<5%,5782,43.68,46.64,47.51,46.35,46.19
2.T字線,03.6~8%,1.<5%,5765,58.7,54.14,53.46,51.9,51.85
7.一般紅K(紡錘線),04.4~6%,2.5~10%,5633,39.65,41.19,41.46,40.97,41.65
11.一般綠K(紡錘線),09.-4~-2%,2.5~10%,5626,47.96,50.51,50.63,50.87,51.34
5.實體紅K(大陽線),02.8~10%,3.10~15%,5327,52.72,48.64,47.58,45.86,45.4
4.十字線,09.-4~-2%,1.<5%,5220,44.71,46.69,46.79,46.97,47.03
5.實體紅K(大陽線),03.6~8%,3.10~15%,4820,45.62,44.97,43.03,43.2,42.72
5.實體紅K(大陽線),02.8~10%,1.<5%,4412,52.01,49.31,49.26,47.22,46.76
10.長下影線綠K,06.0~2%,2.5~10%,4178,38.42,41.4,41.02,42.49,41.96
9.實體綠K(大陰線),10.-6~-4%,3.10~15%,4125,50.61,50.67,51.66,52.38,52.05
6.長下影線紅K,03.6~8%,1.<5%,4043,55.85,54.34,55.43,52.54,52.54
1.一字線,11.-8~-6%,1.<5%,3911,32.29,31.6,36.08,37.82,39.86
1.一字線,09.-4~-2%,1.<5%,3736,44.49,47.51,47.95,48.19,48.47
8.長上影線紅K,04.4~6%,1.<5%,3634,40.82,45.08,46.63,46.28,47.13
3.倒T字線,09.-4~-2%,1.<5%,3489,47.69,49.99,49.78,47.83,48.67
7.一般紅K(紡錘線),07.0%,1.<5%,3324,38.79,42.75,44.9,44.37,45.6
5.實體紅K(大陽線),01.>10%,2.5~10%,3269,56.75,51.58,51.06,49.17,48.02
12.長上影線綠K,07.0%,2.5~10%,3220,41.88,42.3,43.7,43.95,44.31
6.長下影線紅K,04.4~6%,2.5~10%,3144,38.52,40.61,42.45,41.42,42.61
6.長下影線紅K,08.-2~0%,2.5~10%,3130,34.57,37.36,38.59,39.91,41.43
8.長上影線紅K,08.-2~0%,2.5~10%,3126,45.89,46.54,47.57,48.37,48.58
3.倒T字線,11.-8~-6%,1.<5%,3122,28.44,29.66,37.0,42.18,45.58
9.實體綠K(大陰線),05.2~4%,2.5~10%,3086,36.28,38.29,39.03,39.68,39.76
6.長下影線紅K,04.4~6%,1.<5%,2985,40.92,44.94,46.04,45.96,46.39
11.一般綠K(紡錘線),08.-2~0%,2.5~10%,2984,45.09,47.73,48.94,47.91,47.09
4.十字線,06.0~2%,2.5~10%,2966,42.3,42.49,44.41,43.73,43.31
5.實體紅K(大陽線),07.0%,2.5~10%,2957,34.66,37.0,40.2,41.69,42.47
1.一字線,05.2~4%,1.<5%,2868,33.51,36.12,36.75,36.92,36.75
5.實體紅K(大陽線),09.-4~-2%,2.5~10%,2834,45.02,49.68,50.0,50.44,51.69
12.長上影線綠K,05.2~4%,2.5~10%,2755,41.8,43.66,44.79,42.64,42.15
2.T字線,05.2~4%,1.<5%,2704,37.54,42.01,41.64,43.43,43.54
6.長下影線紅K,09.-4~-2%,1.<5%,2682,42.69,43.34,46.28,47.03,48.67
1.一字線,02.8~10%,1.<5%,2581,71.01,64.8,63.85,60.23,59.99
9.實體綠K(大陰線),07.0%,2.5~10%,2545,39.39,41.04,41.75,42.69,42.0
5.實體紅K(大陽線),04.4~6%,3.10~15%,2532,36.73,37.72,40.01,41.03,40.28
7.一般紅K(紡錘線),04.4~6%,1.<5%,2465,41.05,44.83,45.96,46.09,46.41
6.長下影線紅K,03.6~8%,2.5~10%,2464,52.66,50.24,49.63,47.88,48.35
5.實體紅K(大陽線),10.-6~-4%,1.<5%,2412,49.71,50.33,52.68,52.41,52.49
12.長上影線綠K,10.-6~-4%,2.5~10%,2411,52.22,52.8,53.26,53.89,53.7
12.長上影線綠K,11.-8~-6%,1.<5%,2410,36.51,40.08,46.89,49.09,51.81
12.長上影線綠K,10.-6~-4%,1.<5%,2371,52.76,50.36,50.65,50.06,51.18
10.長下影線綠K,04.4~6%,1.<5%,2349,36.91,41.17,43.51,46.17,45.25
12.長上影線綠K,11.-8~-6%,2.5~10%,2333,47.11,50.96,52.46,53.96,55.55
10.長下影線綠K,05.2~4%,2.5~10%,2291,37.01,39.19,40.82,40.88,40.75
9.實體綠K(大陰線),09.-4~-2%,3.10~15%,2269,46.0,47.26,46.09,47.14,47.72
9.實體綠K(大陰線),04.4~6%,1.<5%,2200,34.77,39.23,40.5,41.75,40.61
8.長上影線紅K,10.-6~-4%,1.<5%,2166,51.41,49.79,52.33,55.33,54.6
10.長下影線綠K,07.0%,2.5~10%,2037,36.22,38.89,40.76,41.2,41.12
8.長上影線紅K,10.-6~-4%,2.5~10%,2014,53.25,54.97,56.16,56.99,59.08
11.一般綠K(紡錘線),10.-6~-4%,2.5~10%,1942,49.74,48.3,49.74,51.18,52.55
8.長上影線紅K,09.-4~-2%,2.5~10%,1938,51.96,53.1,54.72,54.41,55.6
4.十字線,05.2~4%,2.5~10%,1921,44.14,42.37,43.1,43.78,44.95
4.十字線,07.0%,2.5~10%,1909,39.65,40.6,41.25,42.89,43.0
4.十字線,08.-2~0%,2.5~10%,1887,39.9,42.34,41.71,43.37,44.38
8.長上影線紅K,07.0%,2.5~10%,1870,44.78,46.09,47.22,47.11,47.97
10.長下影線綠K,10.-6~-4%,2.5~10%,1820,44.15,46.34,47.88,48.73,51.41
10.長下影線綠K,10.-6~-4%,1.<5%,1762,44.61,46.0,47.76,48.38,49.09
9.實體綠K(大陰線),12.-10~-8%,1.<5%,1659,50.93,51.39,55.22,57.07,59.07
10.長下影線綠K,04.4~6%,2.5~10%,1630,34.38,36.61,38.11,39.3,37.93
1.一字線,10.-6~-4%,1.<5%,1612,48.26,50.68,53.54,51.49,51.61
4.十字線,09.-4~-2%,2.5~10%,1608,43.16,47.82,48.26,48.94,49.25
7.一般紅K(紡錘線),06.0~2%,2.5~10%,1596,40.73,42.61,42.28,43.5,44.81
1.一字線,12.-10~-8%,1.<5%,1592,28.63,26.91,41.24,45.8,54.89
1.一字線,04.4~6%,1.<5%,1567,35.42,35.82,35.82,35.59,36.1
2.T字線,02.8~10%,1.<5%,1489,60.12,54.47,56.73,54.18,51.75
6.長下影線紅K,07.0%,2.5~10%,1477,32.36,35.68,37.37,38.79,40.08
6.長下影線紅K,02.8~10%,1.<5%,1373,56.05,54.71,55.74,53.9,52.98
5.實體紅K(大陽線),05.2~4%,3.10~15%,1363,38.15,42.55,44.46,45.56,44.75
4.十字線,04.4~6%,2.5~10%,1322,43.57,42.59,45.01,45.16,42.81
6.長下影線紅K,02.8~10%,2.5~10%,1221,52.54,49.71,49.88,47.19,46.52
8.長上影線紅K,11.-8~-6%,1.<5%,1218,50.66,46.8,51.97,54.43,56.98
11.一般綠K(紡錘線),05.2~4%,1.<5%,1172,44.58,48.12,48.03,47.95,47.52
2.T字線,09.-4~-2%,1.<5%,1138,39.84,43.36,41.86,43.54,45.03
7.一般紅K(紡錘線),03.6~8%,2.5~10%,1134,42.15,43.46,43.41,44.16,42.92
12.長上影線綠K,09.-4~-2%,3.10~15%,1130,48.32,48.05,45.87,46.94,47.38
4.十字線,04.4~6%,1.<5%,1106,43.94,42.41,43.58,44.76,45.3
9.實體綠K(大陰線),08.-2~0%,3.10~15%,1060,37.64,40.68,40.96,41.38,42.14
2.T字線,03.6~8%,2.5~10%,1051,55.47,49.67,49.67,47.19,46.05
5.實體紅K(大陽線),01.>10%,3.10~15%,1029,50.63,45.19,43.72,43.91,44.44
4.十字線,10.-6~-4%,2.5~10%,1028,46.4,48.44,48.35,49.66,50.54
12.長上影線綠K,08.-2~0%,3.10~15%,973,44.23,45.09,42.3,44.16,46.02
11.一般綠K(紡錘線),06.0~2%,2.5~10%,961,41.92,45.25,43.68,42.93,44.07
10.長下影線綠K,03.6~8%,1.<5%,961,37.46,42.87,43.81,43.91,42.4
3.倒T字線,11.-8~-6%,2.5~10%,915,42.08,44.15,48.31,52.46,55.74
6.長下影線紅K,09.-4~-2%,2.5~10%,901,39.62,43.06,44.84,43.95,45.39
2.T字線,04.4~6%,1.<5%,899,38.38,40.38,41.49,42.98,42.65
9.實體綠K(大陰線),12.-10~-8%,4.>15%,884,45.07,46.03,46.99,47.33,48.98
4.十字線,10.-6~-4%,1.<5%,867,47.98,48.33,50.46,50.81,51.27
11.一般綠K(紡錘線),10.-6~-4%,1.<5%,859,46.57,48.2,50.64,51.22,52.27
12.長上影線綠K,12.-10~-8%,1.<5%,856,44.33,44.68,55.32,59.25,65.57
8.長上影線紅K,11.-8~-6%,2.5~10%,853,51.17,53.76,56.46,58.92,58.8
8.長上影線紅K,05.2~4%,3.10~15%,851,41.88,39.18,38.3,38.93,38.86
12.長上影線綠K,12.-10~-8%,2.5~10%,830,57.95,61.08,62.53,65.78,69.28
3.倒T字線,10.-6~-4%,1.<5%,829,57.18,57.06,56.21,53.2,55.49
3.倒T字線,12.-10~-8%,1.<5%,804,31.59,29.3,56.73,64.09,71.95
9.實體綠K(大陰線),04.4~6%,2.5~10%,795,34.09,35.22,35.97,35.69,36.41
10.長下影線綠K,08.-2~0%,3.10~15%,787,39.24,39.87,45.61,45.99,47.64
10.長下影線綠K,09.-4~-2%,3.10~15%,784,51.85,49.43,55.63,56.01,54.73
8.長上影線紅K,06.0~2%,3.10~15%,768,45.18,45.89,46.07,45.03,43.91
5.實體紅K(大陽線),01.>10%,1.<5%,760,48.42,47.63,51.52,49.93,50.53
5.實體紅K(大陽線),11.-8~-6%,1.<5%,755,47.81,51.06,54.64,54.71,54.58
5.實體紅K(大陽線),06.0~2%,3.10~15%,725,42.48,47.51,47.93,51.38,52.35
8.長上影線紅K,03.6~8%,2.5~10%,715,40.53,40.95,42.64,41.99,43.96
9.實體綠K(大陰線),13.<-10%,2.5~10%,712,53.93,55.48,58.71,59.27,60.53
3.倒T字線,05.2~4%,1.<5%,707,45.83,45.4,47.03,46.6,45.33
10.長下影線綠K,03.6~8%,2.5~10%,700,32.57,34.0,36.05,37.2,38.68
4.十字線,03.6~8%,2.5~10%,691,49.35,46.52,45.36,44.64,42.82
12.長上影線綠K,04.4~6%,1.<5%,657,42.31,43.14,45.73,45.43,46.26
7.一般紅K(紡錘線),09.-4~-2%,1.<5%,633,42.02,45.18,48.03,50.08,50.87
5.實體紅K(大陽線),10.-6~-4%,2.5~10%,607,41.19,46.95,49.59,50.25,52.31
12.長上影線綠K,10.-6~-4%,3.10~15%,601,53.18,52.51,49.75,52.61,52.1
6.長下影線紅K,05.2~4%,3.10~15%,578,33.74,35.24,37.15,37.04,35.83
9.實體綠K(大陰線),03.6~8%,1.<5%,572,33.04,37.41,37.59,36.19,36.19
6.長下影線紅K,04.4~6%,3.10~15%,561,35.0,35.18,35.42,36.14,35.78
5.實體紅K(大陽線),01.>10%,4.>15%,557,40.57,35.37,34.11,35.01,33.81
10.長下影線綠K,06.0~2%,3.10~15%,555,36.94,38.74,40.18,42.16,42.06
11.一般綠K(紡錘線),10.-6~-4%,3.10~15%,544,53.04,54.33,54.43,57.56,55.54
9.實體綠K(大陰線),13.<-10%,1.<5%,541,65.99,69.5,71.35,72.83,72.64
9.實體綠K(大陰線),11.-8~-6%,4.>15%,539,55.2,51.02,51.4,48.42,50.09
2.T字線,02.8~10%,2.5~10%,521,47.22,42.5,43.08,42.69,43.35
9.實體綠K(大陰線),13.<-10%,3.10~15%,516,52.72,46.69,49.03,53.31,53.7
7.一般紅K(紡錘線),04.4~6%,3.10~15%,510,41.26,42.24,40.67,39.64,39.25
11.一般綠K(紡錘線),09.-4~-2%,3.10~15%,508,46.06,48.03,47.24,48.72,50.3
6.長下影線紅K,10.-6~-4%,1.<5%,497,49.7,47.48,50.5,53.32,52.11
8.長上影線紅K,03.6~8%,1.<5%,482,42.62,47.61,47.61,49.27,50.73
1.一字線,01.>10%,1.<5%,469,65.25,56.72,57.05,54.39,52.46
10.長下影線綠K,05.2~4%,3.10~15%,466,33.05,36.7,36.91,38.63,40.13
11.一般綠K(紡錘線),05.2~4%,2.5~10%,456,41.23,44.62,42.2,39.43,38.77
6.長下影線紅K,03.6~8%,3.10~15%,455,48.68,43.83,39.07,40.49,37.78
1.一字線,13.<-10%,1.<5%,450,29.56,31.33,34.08,38.31,41.43
12.長上影線綠K,04.4~6%,2.5~10%,444,40.77,40.82,46.49,45.8,46.26
12.長上影線綠K,11.-8~-6%,3.10~15%,434,42.63,43.09,55.07,60.28,59.35
7.一般紅K(紡錘線),08.-2~0%,2.5~10%,420,44.05,45.71,49.76,51.31,49.64
5.實體紅K(大陽線),02.8~10%,4.>15%,410,42.05,39.12,42.54,39.61,40.64
4.十字線,11.-8~-6%,2.5~10%,403,47.15,53.1,50.87,49.88,50.87
8.長上影線紅K,12.-10~-8%,1.<5%,397,43.43,43.54,61.77,62.28,65.32
11.一般綠K(紡錘線),11.-8~-6%,2.5~10%,397,51.77,52.02,51.14,54.94,56.2
6.長下影線紅K,06.0~2%,3.10~15%,395,44.05,44.05,46.19,45.18,48.09
2.T字線,07.0%,2.5~10%,382,24.87,29.06,32.46,32.72,32.2
9.實體綠K(大陰線),10.-6~-4%,4.>15%,367,49.86,46.72,45.63,46.72,48.91
11.一般綠K(紡錘線),07.0%,2.5~10%,364,42.31,47.8,43.96,44.23,43.41
8.長上影線紅K,08.-2~0%,3.10~15%,360,47.78,47.22,45.13,47.63,48.04
4.十字線,01.>10%,3.10~15%,356,46.35,42.7,42.42,40.45,41.29
8.長上影線紅K,04.4~6%,3.10~15%,355,45.17,40.34,40.34,38.64,39.77
10.長下影線綠K,04.4~6%,3.10~15%,346,29.77,31.59,34.49,33.62,31.1
9.實體綠K(大陰線),13.<-10%,4.>15%,333,59.16,52.25,58.26,61.56,61.26
9.實體綠K(大陰線),06.0~2%,3.10~15%,332,36.06,39.09,37.58,35.56,36.78
8.長上影線紅K,09.-4~-2%,3.10~15%,324,44.27,47.99,52.17,52.17,52.48
10.長下影線綠K,11.-8~-6%,2.5~10%,316,49.68,52.06,50.79,49.84,54.6
10.長下影線綠K,10.-6~-4%,3.10~15%,315,56.37,52.87,58.15,61.02,57.51
12.長上影線綠K,06.0~2%,3.10~15%,309,39.94,44.48,43.18,43.18,41.88
5.實體紅K(大陽線),12.-10~-8%,1.<5%,298,45.64,54.03,56.38,57.05,56.04
2.T字線,04.4~6%,2.5~10%,295,42.71,46.1,45.42,44.07,46.44
3.倒T字線,10.-6~-4%,2.5~10%,288,64.58,58.68,64.58,60.76,62.15
10.長下影線綠K,02.8~10%,1.<5%,285,30.28,36.04,39.93,35.82,40.93
8.長上影線紅K,12.-10~-8%,2.5~10%,280,55.0,53.21,61.07,61.43,68.1
10.長下影線綠K,11.-8~-6%,1.<5%,280,47.14,45.71,48.57,50.0,48.21
4.十字線,02.8~10%,2.5~10%,274,45.99,47.08,46.35,45.99,45.62
8.長上影線紅K,10.-6~-4%,3.10~15%,267,51.31,58.43,60.3,60.67,59.55
4.十字線,01.>10%,4.>15%,262,43.13,39.69,40.84,38.55,38.55
5.實體紅K(大陽線),08.-2~0%,3.10~15%,260,43.85,45.38,47.31,48.46,49.03
3.倒T字線,06.0~2%,2.5~10%,242,44.21,44.21,44.63,45.04,45.04
3.倒T字線,07.0%,2.5~10%,241,46.89,52.7,56.85,56.02,56.43
4.十字線,03.6~8%,1.<5%,239,39.75,40.59,42.68,41.42,43.1
2.T字線,01.>10%,1.<5%,238,60.08,58.4,52.52,50.0,49.58
7.一般紅K(紡錘線),09.-4~-2%,2.5~10%,235,42.13,46.81,45.96,44.26,48.09
9.實體綠K(大陰線),07.0%,3.10~15%,233,40.34,44.21,46.35,48.07,47.64
2.T字線,10.-6~-4%,1.<5%,231,39.83,49.78,46.32,48.05,48.92
2.T字線,08.-2~0%,2.5~10%,229,23.58,28.38,31.0,30.57,29.26
10.長下影線綠K,07.0%,3.10~15%,228,32.16,33.92,41.85,42.29,36.56
5.實體紅K(大陽線),07.0%,3.10~15%,227,39.21,43.61,46.7,48.9,47.58
6.長下影線紅K,10.-6~-4%,2.5~10%,226,42.92,48.23,50.0,46.9,47.79
3.倒T字線,12.-10~-8%,2.5~10%,222,53.39,47.51,55.2,60.63,58.37
3.倒T字線,09.-4~-2%,2.5~10%,221,56.56,55.2,56.56,52.94,54.3
2.T字線,06.0~2%,2.5~10%,214,30.37,33.18,37.85,34.58,39.25
4.十字線,11.-8~-6%,1.<5%,211,52.61,45.97,50.95,55.71,53.81
11.一般綠K(紡錘線),08.-2~0%,3.10~15%,205,34.15,34.63,40.49,38.05,36.59
10.長下影線綠K,02.8~10%,2.5~10%,204,31.68,33.66,33.33,31.84,34.83
7.一般紅K(紡錘線),05.2~4%,3.10~15%,203,35.96,33.0,33.99,36.45,39.41
7.一般紅K(紡錘線),03.6~8%,1.<5%,203,41.38,46.04,45.05,49.25,51.74
7.一般紅K(紡錘線),03.6~8%,3.10~15%,198,39.9,38.38,39.9,38.89,38.89
11.一般綠K(紡錘線),04.4~6%,1.<5%,198,39.39,46.46,47.47,45.96,44.95
7.一般紅K(紡錘線),07.0%,2.5~10%,194,43.3,43.81,47.42,48.45,48.45
6.長下影線紅K,02.8~10%,3.10~15%,193,49.48,45.31,49.21,47.62,46.56
6.長下影線紅K,01.>10%,1.<5%,189,52.38,50.53,54.01,48.66,50.8
9.實體綠K(大陰線),02.8~10%,1.<5%,186,30.65,30.11,36.02,36.56,37.1
3.倒T字線,08.-2~0%,2.5~10%,181,53.04,54.7,53.04,52.49,50.0
2.T字線,01.>10%,3.10~15%,179,37.43,34.08,32.4,33.52,34.08
11.一般綠K(紡錘線),11.-8~-6%,1.<5%,174,50.0,50.57,50.57,54.02,57.47
2.T字線,05.2~4%,2.5~10%,169,33.73,39.05,44.38,42.6,43.79
2.T字線,03.6~8%,3.10~15%,167,52.69,48.5,46.71,48.5,46.71
9.實體綠K(大陰線),03.6~8%,2.5~10%,164,42.07,45.73,37.2,34.15,38.65
4.十字線,02.8~10%,3.10~15%,162,44.44,46.3,45.68,42.59,41.98
7.一般紅K(紡錘線),10.-6~-4%,1.<5%,161,47.2,47.83,47.2,51.55,50.93
6.長下影線紅K,11.-8~-6%,1.<5%,159,47.17,47.8,45.91,49.06,53.8
12.長上影線綠K,03.6~8%,1.<5%,159,32.28,36.71,37.97,39.49,42.04
8.長上影線紅K,07.0%,3.10~15%,152,44.74,47.37,50.0,44.74,42.76
11.一般綠K(紡錘線),11.-8~-6%,3.10~15%,151,57.62,56.29,48.67,54.67,53.33
12.長上影線綠K,12.-10~-8%,3.10~15%,151,61.59,56.95,57.62,61.59,64.24
5.實體紅K(大陽線),11.-8~-6%,2.5~10%,147,36.05,46.26,49.66,52.38,53.06
6.長下影線紅K,01.>10%,2.5~10%,147,49.66,46.94,48.98,46.94,49.32
2.T字線,01.>10%,2.5~10%,143,39.16,35.66,39.16,36.36,39.86
12.長上影線綠K,13.<-10%,1.<5%,143,55.24,58.04,63.64,65.03,69.01
8.長上影線紅K,11.-8~-6%,3.10~15%,140,56.43,59.29,59.29,65.0,66.43
9.實體綠K(大陰線),09.-4~-2%,4.>15%,140,45.71,41.73,43.17,41.01,43.17
11.一般綠K(紡錘線),04.4~6%,2.5~10%,140,47.14,43.57,46.04,48.2,44.6
9.實體綠K(大陰線),01.>10%,1.<5%,132,32.58,38.64,33.33,31.82,34.09
4.十字線,13.<-10%,4.>15%,131,52.67,54.2,63.36,60.31,63.36
3.倒T字線,04.4~6%,1.<5%,128,37.5,45.31,43.75,47.66,48.44
10.長下影線綠K,03.6~8%,3.10~15%,126,42.06,41.27,38.1,40.48,38.1
12.長上影線綠K,10.-6~-4%,4.>15%,126,42.86,39.68,39.68,42.86,42.86
3.倒T字線,11.-8~-6%,3.10~15%,126,40.48,42.86,52.38,57.94,52.38
5.實體紅K(大陽線),13.<-10%,1.<5%,125,62.4,73.6,72.8,69.6,68.8
4.十字線,11.-8~-6%,3.10~15%,124,48.39,55.65,59.68,58.87,56.45
4.十字線,03.6~8%,3.10~15%,122,46.72,48.36,44.26,45.08,45.08
5.實體紅K(大陽線),03.6~8%,4.>15%,121,28.93,29.75,25.62,26.45,28.1
7.一般紅K(紡錘線),02.8~10%,2.5~10%,114,45.61,50.0,39.47,38.94,46.43
3.倒T字線,13.<-10%,1.<5%,112,33.04,36.61,53.57,61.61,68.75
12.長上影線綠K,13.<-10%,2.5~10%,111,52.25,54.95,67.57,69.37,63.96
8.長上影線紅K,01.>10%,1.<5%,108,40.74,43.52,46.3,47.22,48.15
4.十字線,01.>10%,2.5~10%,107,47.66,47.66,42.06,42.99,39.25
12.長上影線綠K,07.0%,3.10~15%,105,41.75,42.16,39.22,45.1,45.1
10.長下影線綠K,12.-10~-8%,1.<5%,104,48.08,48.08,56.73,58.65,55.77
4.十字線,10.-6~-4%,3.10~15%,101,50.5,53.47,50.5,50.5,53.47
4.十字線,06.0~2%,3.10~15%,98,40.82,40.82,43.88,46.94,48.98
5.實體紅K(大陽線),09.-4~-2%,3.10~15%,96,47.92,44.79,44.79,50.0,45.83
7.一般紅K(紡錘線),10.-6~-4%,2.5~10%,94,39.36,45.74,45.74,44.68,47.87
4.十字線,12.-10~-8%,2.5~10%,94,57.45,61.7,63.83,59.57,62.77
9.實體綠K(大陰線),05.2~4%,3.10~15%,93,33.7,36.26,39.56,37.36,43.96
4.十字線,12.-10~-8%,3.10~15%,92,48.91,55.43,63.04,63.04,61.96
6.長下影線紅K,08.-2~0%,3.10~15%,92,46.74,39.13,41.3,45.05,44.44
10.長下影線綠K,01.>10%,1.<5%,90,36.67,40.0,47.78,45.56,41.11
8.長上影線紅K,02.8~10%,1.<5%,86,33.72,34.88,48.84,48.84,47.67
11.一般綠K(紡錘線),03.6~8%,2.5~10%,85,30.59,50.59,49.41,50.59,54.12
4.十字線,05.2~4%,3.10~15%,84,42.86,47.62,48.81,46.43,51.19
4.十字線,09.-4~-2%,3.10~15%,84,41.67,40.48,41.67,42.86,44.05
11.一般綠K(紡錘線),12.-10~-8%,2.5~10%,83,48.19,60.24,44.58,45.78,51.81
8.長上影線紅K,13.<-10%,1.<5%,83,79.52,79.52,86.75,86.75,86.75
4.十字線,04.4~6%,3.10~15%,81,41.98,44.44,41.98,35.8,41.98
5.實體紅K(大陽線),13.<-10%,2.5~10%,81,49.38,54.32,46.91,53.09,53.09
5.實體紅K(大陽線),04.4~6%,4.>15%,80,28.75,35.0,33.75,41.77,41.77
8.長上影線紅K,01.>10%,2.5~10%,79,32.91,32.91,31.65,32.91,35.44
4.十字線,07.0%,3.10~15%,77,29.87,38.16,31.58,36.84,32.89
4.十字線,12.-10~-8%,1.<5%,73,46.58,49.32,60.27,65.75,69.86
7.一般紅K(紡錘線),02.8~10%,1.<5%,73,42.47,41.1,46.58,43.84,39.73
12.長上影線綠K,09.-4~-2%,4.>15%,71,40.85,45.07,47.89,46.48,50.7
10.長下影線綠K,01.>10%,2.5~10%,68,30.88,29.41,32.35,29.41,39.71
4.十字線,08.-2~0%,3.10~15%,66,34.85,36.36,39.39,40.91,42.42
12.長上影線綠K,12.-10~-8%,4.>15%,65,50.77,44.62,46.15,47.69,47.69
12.長上影線綠K,02.8~10%,1.<5%,65,30.77,33.85,40.0,36.92,41.54
11.一般綠K(紡錘線),12.-10~-8%,1.<5%,65,58.46,49.23,58.46,53.85,60.0
9.實體綠K(大陰線),08.-2~0%,4.>15%,65,30.77,38.46,40.0,40.0,47.69
4.十字線,13.<-10%,3.10~15%,64,48.44,51.56,54.69,54.69,57.81
11.一般綠K(紡錘線),03.6~8%,1.<5%,64,50.0,54.69,53.12,46.88,51.56
12.長上影線綠K,11.-8~-6%,4.>15%,63,44.44,55.56,56.45,54.84,48.39
7.一般紅K(紡錘線),06.0~2%,3.10~15%,62,48.39,48.39,46.77,48.39,51.61
2.T字線,01.>10%,4.>15%,60,40.0,30.0,36.67,38.33,31.67
2.T字線,11.-8~-6%,1.<5%,59,50.85,40.68,45.76,45.76,49.15
11.一般綠K(紡錘線),06.0~2%,3.10~15%,58,37.93,54.39,45.61,43.86,43.86
12.長上影線綠K,03.6~8%,2.5~10%,57,41.07,41.82,43.64,43.64,41.82
5.實體紅K(大陽線),05.2~4%,4.>15%,57,31.58,38.6,45.61,52.63,49.12
10.長下影線綠K,13.<-10%,1.<5%,56,66.07,67.86,62.5,73.21,66.07
12.長上影線綠K,01.>10%,1.<5%,55,29.09,38.18,38.18,40.0,34.55
6.長下影線紅K,07.0%,3.10~15%,54,35.19,37.04,46.3,44.44,42.59
11.一般綠K(紡錘線),10.-6~-4%,4.>15%,52,36.54,42.31,46.15,44.23,48.08
9.實體綠K(大陰線),01.>10%,2.5~10%,52,38.46,42.31,30.77,34.62,32.69
10.長下影線綠K,08.-2~0%,4.>15%,51,37.25,35.29,39.22,52.94,49.02
8.長上影線紅K,02.8~10%,2.5~10%,50,38.0,40.0,44.0,42.0,42.0
9.實體綠K(大陰線),02.8~10%,2.5~10%,49,32.65,36.73,42.86,36.73,44.9
4.十字線,02.8~10%,1.<5%,48,34.04,34.04,34.04,38.3,40.43
10.長下影線綠K,06.0~2%,4.>15%,48,27.08,33.33,35.42,35.42,29.17
5.實體紅K(大陽線),06.0~2%,4.>15%,48,33.33,29.17,39.58,39.58,41.67
7.一般紅K(紡錘線),11.-8~-6%,2.5~10%,47,55.32,55.32,55.32,55.32,51.06
7.一般紅K(紡錘線),11.-8~-6%,1.<5%,47,44.68,57.45,46.81,48.94,42.55
6.長下影線紅K,04.4~6%,4.>15%,46,45.65,36.96,36.96,41.3,41.3
12.長上影線綠K,05.2~4%,3.10~15%,45,46.67,40.0,44.44,35.56,37.78
12.長上影線綠K,02.8~10%,2.5~10%,44,27.27,31.82,38.64,36.36,34.09
6.長下影線紅K,02.8~10%,4.>15%,44,47.73,38.64,29.55,27.91,39.53
3.倒T字線,05.2~4%,2.5~10%,43,32.56,35.71,40.48,52.38,47.62
8.長上影線紅K,03.6~8%,3.10~15%,43,39.53,25.58,27.91,32.56,34.88
3.倒T字線,12.-10~-8%,3.10~15%,43,46.51,60.47,48.84,55.81,55.81
4.十字線,01.>10%,1.<5%,43,32.56,32.56,32.56,30.23,34.88
10.長下影線綠K,05.2~4%,4.>15%,42,14.29,23.81,21.43,28.57,28.57
11.一般綠K(紡錘線),11.-8~-6%,4.>15%,41,41.46,46.34,41.46,43.9,41.46
6.長下影線紅K,12.-10~-8%,1.<5%,41,56.1,63.41,63.41,65.85,65.85
8.長上影線紅K,13.<-10%,2.5~10%,41,46.34,51.22,51.22,60.98,48.78
8.長上影線紅K,12.-10~-8%,3.10~15%,41,60.98,58.54,70.73,70.73,73.17
7.一般紅K(紡錘線),01.>10%,2.5~10%,39,43.59,43.59,38.46,35.9,43.59
10.長下影線綠K,09.-4~-2%,4.>15%,38,39.47,44.74,44.74,42.11,44.74
6.長下影線紅K,01.>10%,3.10~15%,38,57.89,44.74,47.37,42.11,31.58
5.實體紅K(大陽線),12.-10~-8%,2.5~10%,37,37.84,51.35,45.95,59.46,51.35
6.長下影線紅K,03.6~8%,4.>15%,37,29.73,35.14,37.84,40.54,37.84
10.長下影線綠K,10.-6~-4%,4.>15%,36,33.33,41.67,38.89,44.44,47.22
6.長下影線紅K,05.2~4%,4.>15%,36,36.11,38.89,47.22,50.0,44.44
4.十字線,13.<-10%,1.<5%,35,71.43,74.29,88.57,85.71,82.86
6.長下影線紅K,11.-8~-6%,2.5~10%,33,30.3,42.42,33.33,39.39,30.3
5.實體紅K(大陽線),08.-2~0%,4.>15%,33,15.15,12.12,21.21,24.24,33.33
7.一般紅K(紡錘線),02.8~10%,3.10~15%,32,34.38,28.12,34.38,31.25,28.12
2.T字線,02.8~10%,3.10~15%,32,65.62,46.88,50.0,43.75,37.5
5.實體紅K(大陽線),10.-6~-4%,3.10~15%,32,34.38,37.5,43.75,56.25,50.0
10.長下影線綠K,02.8~10%,3.10~15%,32,40.62,40.62,43.75,40.62,37.5
3.倒T字線,13.<-10%,2.5~10%,31,48.39,22.58,48.39,45.16,61.29
6.長下影線紅K,01.>10%,4.>15%,31,41.94,38.71,35.48,32.26,45.16
4.十字線,12.-10~-8%,4.>15%,30,50.0,43.33,56.67,60.0,66.67
10.長下影線綠K,04.4~6%,4.>15%,30,10.0,6.67,23.33,23.33,13.33
10.長下影線綠K,12.-10~-8%,2.5~10%,30,40.0,40.0,40.0,36.67,43.33
10.長下影線綠K,11.-8~-6%,4.>15%,30,46.67,43.33,43.33,43.33,40.0
3.倒T字線,13.<-10%,3.10~15%,30,56.67,60.0,56.67,53.33,53.33
11.一般綠K(紡錘線),07.0%,3.10~15%,30,40.0,48.28,44.83,44.83,37.93
11.一般綠K(紡錘線),09.-4~-2%,4.>15%,30,56.67,46.67,56.67,60.0,56.67
8.長上影線紅K,06.0~2%,4.>15%,29,44.83,55.17,55.17,51.72,51.72
7.一般紅K(紡錘線),08.-2~0%,3.10~15%,29,44.83,44.83,27.59,31.03,27.59
12.長上影線綠K,08.-2~0%,4.>15%,28,39.29,46.43,39.29,42.86,42.86
6.長下影線紅K,06.0~2%,4.>15%,27,40.74,51.85,48.15,48.15,37.04
2.T字線,12.-10~-8%,1.<5%,27,33.33,40.74,51.85,48.15,44.44
8.長上影線紅K,09.-4~-2%,4.>15%,27,44.44,44.44,48.15,48.15,48.15
10.長下影線綠K,13.<-10%,2.5~10%,27,44.44,44.44,40.74,33.33,44.44
12.長上影線綠K,13.<-10%,4.>15%,27,51.85,51.85,51.85,44.44,37.04
6.長下影線紅K,13.<-10%,1.<5%,27,70.37,70.37,66.67,62.96,62.96
8.長上影線紅K,08.-2~0%,4.>15%,27,25.93,33.33,33.33,33.33,37.04
10.長下影線綠K,01.>10%,3.10~15%,26,34.62,42.31,34.62,46.15,38.46
4.十字線,02.8~10%,4.>15%,26,50.0,42.31,42.31,46.15,42.31
8.長上影線紅K,05.2~4%,4.>15%,26,46.15,42.31,38.46,30.77,42.31
3.倒T字線,03.6~8%,1.<5%,26,53.85,50.0,53.85,50.0,57.69
9.實體綠K(大陰線),06.0~2%,4.>15%,25,28.0,28.0,48.0,44.0,32.0
7.一般紅K(紡錘線),01.>10%,1.<5%,25,28.0,32.0,44.0,36.0,44.0
10.長下影線綠K,11.-8~-6%,3.10~15%,25,36.0,52.0,52.0,52.0,48.0
11.一般綠K(紡錘線),12.-10~-8%,3.10~15%,25,60.0,52.0,60.0,68.0,56.0
7.一般紅K(紡錘線),13.<-10%,4.>15%,24,50.0,62.5,62.5,62.5,62.5
2.T字線,09.-4~-2%,2.5~10%,24,45.83,50.0,66.67,62.5,58.33
5.實體紅K(大陽線),07.0%,4.>15%,23,13.04,21.74,17.39,34.78,26.09
4.十字線,13.<-10%,2.5~10%,23,47.83,47.83,47.83,43.48,56.52
8.長上影線紅K,01.>10%,4.>15%,22,50.0,54.55,54.55,50.0,31.82
10.長下影線綠K,03.6~8%,4.>15%,22,13.64,18.18,18.18,18.18,13.64
8.長上影線紅K,10.-6~-4%,4.>15%,21,80.95,85.71,76.19,80.95,76.19
6.長下影線紅K,09.-4~-2%,3.10~15%,21,61.9,52.38,52.38,47.62,52.38
10.長下影線綠K,13.<-10%,4.>15%,20,45.0,30.0,40.0,35.0,30.0
9.實體綠K(大陰線),07.0%,4.>15%,20,30.0,45.0,35.0,30.0,40.0
4.十字線,11.-8~-6%,4.>15%,19,26.32,42.11,36.84,47.37,36.84
12.長上影線綠K,01.>10%,2.5~10%,19,36.84,52.63,36.84,42.11,36.84
3.倒T字線,10.-6~-4%,3.10~15%,19,57.89,63.16,63.16,57.89,52.63
4.十字線,08.-2~0%,4.>15%,18,50.0,38.89,50.0,66.67,50.0
7.一般紅K(紡錘線),12.-10~-8%,1.<5%,18,50.0,72.22,77.78,72.22,72.22
11.一般綠K(紡錘線),02.8~10%,2.5~10%,17,47.06,47.06,47.06,47.06,76.47
2.T字線,02.8~10%,4.>15%,17,41.18,47.06,35.29,41.18,29.41
2.T字線,13.<-10%,1.<5%,17,58.82,58.82,58.82,47.06,47.06
11.一般綠K(紡錘線),13.<-10%,2.5~10%,17,52.94,58.82,64.71,64.71,58.82
11.一般綠K(紡錘線),13.<-10%,1.<5%,17,94.12,94.12,94.12,94.12,94.12
4.十字線,06.0~2%,4.>15%,17,29.41,41.18,41.18,41.18,41.18
4.十字線,10.-6~-4%,4.>15%,17,52.94,52.94,52.94,47.06,47.06
3.倒T字線,12.-10~-8%,4.>15%,16,62.5,62.5,56.25,62.5,62.5
2.T字線,04.4~6%,3.10~15%,16,43.75,37.5,37.5,31.25,37.5
8.長上影線紅K,04.4~6%,4.>15%,16,37.5,25.0,18.75,25.0,31.25
12.長上影線綠K,13.<-10%,3.10~15%,16,31.25,25.0,25.0,31.25,37.5
3.倒T字線,01.>10%,1.<5%,15,46.67,33.33,73.33,53.33,53.33
11.一般綠K(紡錘線),01.>10%,1.<5%,15,33.33,33.33,33.33,46.67,40.0
8.長上影線紅K,02.8~10%,3.10~15%,15,53.33,53.33,60.0,60.0,60.0
11.一般綠K(紡錘線),01.>10%,2.5~10%,14,14.29,35.71,42.86,35.71,42.86
3.倒T字線,02.8~10%,1.<5%,14,28.57,14.29,28.57,35.71,50.0
10.長下影線綠K,02.8~10%,4.>15%,14,21.43,7.14,14.29,14.29,14.29
9.實體綠K(大陰線),04.4~6%,3.10~15%,14,42.86,50.0,64.29,57.14,42.86
4.十字線,03.6~8%,4.>15%,13,30.77,15.38,23.08,23.08,23.08
6.長下影線紅K,10.-6~-4%,3.10~15%,13,38.46,30.77,30.77,46.15,30.77
10.長下影線綠K,07.0%,4.>15%,13,53.85,38.46,30.77,53.85,38.46
8.長上影線紅K,11.-8~-6%,4.>15%,13,53.85,46.15,46.15,53.85,61.54
5.實體紅K(大陽線),13.<-10%,3.10~15%,13,46.15,30.77,30.77,38.46,38.46
4.十字線,05.2~4%,4.>15%,12,41.67,50.0,50.0,33.33,33.33
6.長下影線紅K,12.-10~-8%,2.5~10%,12,33.33,33.33,41.67,41.67,25.0
11.一般綠K(紡錘線),05.2~4%,3.10~15%,12,33.33,54.55,54.55,45.45,36.36
8.長上影線紅K,03.6~8%,4.>15%,12,58.33,33.33,41.67,41.67,25.0
8.長上影線紅K,02.8~10%,4.>15%,12,16.67,16.67,33.33,25.0,25.0
10.長下影線綠K,13.<-10%,3.10~15%,11,54.55,45.45,63.64,63.64,54.55
5.實體紅K(大陽線),12.-10~-8%,3.10~15%,11,27.27,18.18,27.27,27.27,27.27
11.一般綠K(紡錘線),12.-10~-8%,4.>15%,11,63.64,63.64,72.73,63.64,72.73
7.一般紅K(紡錘線),01.>10%,4.>15%,11,45.45,27.27,36.36,45.45,45.45
7.一般紅K(紡錘線),03.6~8%,4.>15%,11,18.18,36.36,27.27,36.36,45.45
11.一般綠K(紡錘線),08.-2~0%,4.>15%,11,18.18,18.18,27.27,18.18,18.18
8.長上影線紅K,01.>10%,3.10~15%,11,27.27,36.36,54.55,54.55,45.45
7.一般紅K(紡錘線),07.0%,3.10~15%,11,45.45,45.45,36.36,45.45,45.45
3.倒T字線,09.-4~-2%,3.10~15%,11,72.73,63.64,54.55,72.73,63.64
8.長上影線紅K,13.<-10%,3.10~15%,10,30.0,40.0,20.0,20.0,40.0
7.一般紅K(紡錘線),01.>10%,3.10~15%,10,20.0,20.0,20.0,40.0,50.0
3.倒T字線,13.<-10%,4.>15%,10,60.0,70.0,60.0,80.0,60.0
7.一般紅K(紡錘線),11.-8~-6%,3.10~15%,10,40.0,40.0,30.0,30.0,30.0
6.長下影線紅K,13.<-10%,2.5~10%,10,60.0,50.0,40.0,40.0,50.0
5.實體紅K(大陽線),09.-4~-2%,4.>15%,10,50.0,40.0,60.0,50.0,50.0
6.長下影線紅K,08.-2~0%,4.>15%,10,50.0,20.0,60.0,30.0,60.0
5.實體紅K(大陽線),11.-8~-6%,3.10~15%,10,50.0,40.0,40.0,50.0,40.0
8.長上影線紅K,07.0%,4.>15%,10,60.0,40.0,50.0,70.0,60.0
4.十字線,04.4~6%,4.>15%,9,55.56,77.78,77.78,55.56,55.56
11.一般綠K(紡錘線),13.<-10%,4.>15%,9,44.44,66.67,55.56,55.56,55.56
7.一般紅K(紡錘線),04.4~6%,4.>15%,9,44.44,33.33,22.22,22.22,22.22
4.十字線,09.-4~-2%,4.>15%,9,77.78,66.67,44.44,55.56,55.56
9.實體綠K(大陰線),01.>10%,3.10~15%,9,33.33,44.44,33.33,22.22,33.33
11.一般綠K(紡錘線),02.8~10%,1.<5%,9,55.56,55.56,66.67,66.67,77.78
12.長上影線綠K,06.0~2%,4.>15%,9,33.33,44.44,55.56,55.56,66.67
7.一般紅K(紡錘線),09.-4~-2%,3.10~15%,8,25.0,25.0,25.0,62.5,50.0
7.一般紅K(紡錘線),13.<-10%,1.<5%,8,87.5,100.0,75.0,75.0,100.0
9.實體綠K(大陰線),02.8~10%,3.10~15%,8,12.5,37.5,0.0,12.5,37.5
12.長上影線綠K,04.4~6%,3.10~15%,8,50.0,50.0,62.5,50.0,50.0
8.長上影線紅K,13.<-10%,4.>15%,8,75.0,75.0,75.0,87.5,62.5
2.T字線,05.2~4%,3.10~15%,8,12.5,25.0,37.5,12.5,25.0
9.實體綠K(大陰線),05.2~4%,4.>15%,8,75.0,62.5,75.0,62.5,50.0
5.實體紅K(大陽線),10.-6~-4%,4.>15%,8,12.5,25.0,12.5,25.0,37.5
7.一般紅K(紡錘線),05.2~4%,4.>15%,7,42.86,42.86,57.14,42.86,57.14
10.長下影線綠K,01.>10%,4.>15%,7,42.86,57.14,28.57,28.57,42.86
7.一般紅K(紡錘線),10.-6~-4%,3.10~15%,7,71.43,42.86,57.14,57.14,42.86
7.一般紅K(紡錘線),02.8~10%,4.>15%,7,57.14,57.14,85.71,57.14,57.14
10.長下影線綠K,12.-10~-8%,3.10~15%,7,28.57,28.57,14.29,0.0,0.0
5.實體紅K(大陽線),13.<-10%,4.>15%,7,42.86,57.14,57.14,28.57,28.57
9.實體綠K(大陰線),04.4~6%,4.>15%,7,14.29,42.86,0.0,0.0,14.29
9.實體綠K(大陰線),03.6~8%,3.10~15%,7,28.57,28.57,28.57,28.57,42.86
7.一般紅K(紡錘線),13.<-10%,3.10~15%,6,66.67,66.67,66.67,66.67,66.67
10.長下影線綠K,12.-10~-8%,4.>15%,6,16.67,16.67,33.33,33.33,16.67
4.十字線,07.0%,4.>15%,6,16.67,50.0,33.33,50.0,16.67
2.T字線,08.-2~0%,3.10~15%,6,33.33,16.67,0.0,0.0,33.33
2.T字線,06.0~2%,3.10~15%,6,16.67,33.33,83.33,83.33,66.67
6.長下影線紅K,13.<-10%,3.10~15%,6,33.33,16.67,16.67,16.67,16.67
12.長上影線綠K,03.6~8%,3.10~15%,6,0.0,0.0,50.0,33.33,16.67
6.長下影線紅K,09.-4~-2%,4.>15%,6,66.67,66.67,50.0,50.0,66.67
6.長下影線紅K,11.-8~-6%,3.10~15%,6,33.33,16.67,33.33,33.33,50.0
12.長上影線綠K,01.>10%,4.>15%,5,20.0,0.0,20.0,0.0,40.0
5.實體紅K(大陽線),11.-8~-6%,4.>15%,5,20.0,0.0,20.0,0.0,0.0
9.實體綠K(大陰線),01.>10%,4.>15%,5,40.0,80.0,80.0,80.0,80.0
12.長上影線綠K,01.>10%,3.10~15%,5,0.0,40.0,40.0,20.0,60.0
3.倒T字線,08.-2~0%,3.10~15%,5,80.0,60.0,60.0,80.0,60.0
8.長上影線紅K,12.-10~-8%,4.>15%,5,80.0,80.0,100.0,80.0,80.0
7.一般紅K(紡錘線),12.-10~-8%,2.5~10%,5,60.0,80.0,100.0,100.0,80.0
6.長下影線紅K,13.<-10%,4.>15%,5,40.0,40.0,40.0,20.0,25.0
3.倒T字線,11.-8~-6%,4.>15%,5,40.0,40.0,40.0,40.0,40.0
7.一般紅K(紡錘線),09.-4~-2%,4.>15%,4,75.0,100.0,100.0,75.0,50.0
7.一般紅K(紡錘線),13.<-10%,2.5~10%,4,75.0,75.0,75.0,75.0,75.0
11.一般綠K(紡錘線),13.<-10%,3.10~15%,4,0.0,25.0,50.0,50.0,50.0
11.一般綠K(紡錘線),01.>10%,3.10~15%,4,25.0,25.0,50.0,50.0,50.0
3.倒T字線,04.4~6%,2.5~10%,4,25.0,25.0,50.0,25.0,25.0
7.一般紅K(紡錘線),07.0%,4.>15%,4,25.0,0.0,25.0,25.0,25.0
6.長下影線紅K,07.0%,4.>15%,4,0.0,0.0,0.0,0.0,25.0
2.T字線,08.-2~0%,4.>15%,3,0.0,0.0,0.0,0.0,0.0
2.T字線,10.-6~-4%,2.5~10%,3,0.0,0.0,0.0,0.0,0.0
2.T字線,07.0%,4.>15%,3,0.0,33.33,0.0,33.33,33.33
11.一般綠K(紡錘線),04.4~6%,3.10~15%,3,66.67,66.67,0.0,0.0,33.33
3.倒T字線,03.6~8%,2.5~10%,3,33.33,66.67,33.33,66.67,66.67
7.一般紅K(紡錘線),06.0~2%,4.>15%,3,66.67,33.33,66.67,33.33,33.33
7.一般紅K(紡錘線),12.-10~-8%,3.10~15%,3,33.33,33.33,33.33,0.0,33.33
9.實體綠K(大陰線),03.6~8%,4.>15%,3,100.0,66.67,66.67,66.67,66.67
2.T字線,03.6~8%,4.>15%,2,50.0,50.0,50.0,50.0,50.0
2.T字線,07.0%,3.10~15%,2,0.0,0.0,0.0,0.0,0.0
9.實體綠K(大陰線),02.8~10%,4.>15%,2,50.0,50.0,0.0,50.0,50.0
2.T字線,06.0~2%,4.>15%,2,0.0,0.0,0.0,0.0,0.0
12.長上影線綠K,03.6~8%,4.>15%,2,100.0,50.0,50.0,0.0,0.0
11.一般綠K(紡錘線),06.0~2%,4.>15%,2,100.0,100.0,100.0,100.0,100.0
11.一般綠K(紡錘線),07.0%,4.>15%,2,50.0,50.0,50.0,50.0,50.0
7.一般紅K(紡錘線),11.-8~-6%,4.>15%,2,50.0,50.0,100.0,50.0,50.0
3.倒T字線,07.0%,4.>15%,2,0.0,0.0,0.0,0.0,0.0
6.長下影線紅K,10.-6~-4%,4.>15%,2,100.0,100.0,50.0,100.0,50.0
6.長下影線紅K,12.-10~-8%,3.10~15%,2,50.0,0.0,0.0,50.0,50.0
6.長下影線紅K,12.-10~-8%,4.>15%,2,50.0,50.0,50.0,50.0,50.0
2.T字線,09.-4~-2%,3.10~15%,2,50.0,50.0,100.0,100.0,50.0
2.T字線,11.-8~-6%,2.5~10%,2,0.0,0.0,50.0,50.0,50.0
3.倒T字線,07.0%,3.10~15%,2,50.0,100.0,100.0,100.0,100.0
2.T字線,11.-8~-6%,3.10~15%,1,0.0,0.0,0.0,0.0,0.0
12.長上影線綠K,07.0%,4.>15%,1,0.0,100.0,100.0,100.0,100.0
2.T字線,10.-6~-4%,3.10~15%,1,100.0,100.0,100.0,100.0,100.0
11.一般綠K(紡錘線),02.8~10%,4.>15%,1,0.0,0.0,0.0,0.0,0.0
2.T字線,09.-4~-2%,4.>15%,1,0.0,0.0,0.0,0.0,0.0
2.T字線,05.2~4%,4.>15%,1,0.0,0.0,0.0,0.0,0.0
2.T字線,04.4~6%,4.>15%,1,0.0,100.0,100.0,100.0,100.0
5.實體紅K(大陽線),12.-10~-8%,4.>15%,1,0.0,0.0,0.0,0.0,0.0
11.一般綠K(紡錘線),01.>10%,4.>15%,1,100.0,100.0,100.0,100.0,100.0
11.一般綠K(紡錘線),04.4~6%,4.>15%,1,100.0,100.0,100.0,100.0,100.0
2.T字線,13.<-10%,2.5~10%,1,0.0,0.0,0.0,0.0,0.0
3.倒T字線,02.8~10%,2.5~10%,1,0.0,100.0,0.0,0.0,0.0
11.一般綠K(紡錘線),05.2~4%,4.>15%,1,100.0,100.0,100.0,100.0,100.0
7.一般紅K(紡錘線),08.-2~0%,4.>15%,1,100.0,0.0,100.0,100.0,100.0
3.倒T字線,04.4~6%,3.10~15%,1,0.0,100.0,0.0,0.0,0.0
3.倒T字線,01.>10%,2.5~10%,1,0.0,0.0,0.0,100.0,100.0
3.倒T字線,08.-2~0%,4.>15%,1,0.0,0.0,0.0,0.0,0.0
3.倒T字線,09.-4~-2%,4.>15%,1,100.0,0.0,0.0,0.0,0.0
12.長上影線綠K,04.4~6%,4.>15%,1,0.0,0.0,0.0,0.0,0.0
12.長上影線綠K,05.2~4%,4.>15%,1,0.0,0.0,0.0,0.0,0.0
11.一般綠K(紡錘線),03.6~8%,4.>15%,1,0.0,0.0,0.0,0.0,0.0
